id,Date,Dealer,Gender,Race,Age,State,Segment,branch,model,SalePrice,Deposit,Tenure,GrossIncome,NetIncome,Commitment,Instalment,FinancingAmount,DSR,DI,iScore,MOF,Status
2165,29/08/2021,GTM,Male,Malay,41,JHR,MNC,SUBANG,H-DASHR152,8350,840,36,1800,1500,0,272,7510,0,,0,0.8994,cancelled
3060,18/08/2021,TRC,Male,Malay,25,SWK,OTH,CHERAS,Y-EGOAV,7730,1500,48,2441.32,221.57,0,182,6230,0,,5,0.806,rejected
3880,25/08/2021,GTM,Male,Malay,26,SGR,ENGI,MERU,Y-135LC AC,9290,950,36,1400,1200,99,302,8340,0.3335,799.83,7,0.8977,stockout
3933,17/08/2021,GTM,Female,Malay,28,KUL,TRD,S.UTAMA,Y-115Z(UE15),7610,770,48,1200,961,0,200,6840,0.2076,761.5,6,0.8988,approved
3937,04/08/2021,GTM,Male,Malay,36,MLK,GIG,SA,Y-135LC AC,9270,930,36,2500,2000,0,302,8340,0,,8,0.8997,reverted
4133,01/08/2021,GTM,Male,Malay,19,MLK,GIG,SA,H-RS150R TRICO,11070,1110,48,2104,2000,0,291,9960,0,,4,0.8997,cancelled
4134,04/08/2021,GTM,Female,Malay,19,SGR,OTH,K.SELANGOR,Y-115Z(UE15),7610,770,36,1050,1000,0,247,6840,0.247,753,0,0.8988,reverted
4139,08/08/2021,GTM,Male,Malay,37,KUL,SRC,SENTUL,H-DASHR152,8370,840,48,3889,2812,434,220,7530,0.2324,2158.38,7,0.8996,approved
4151,20/08/2021,GTM,Male,Malay,31,SGR,SRC,MERU,Y-Y15ZR,11710,1710,36,3020.05,2273,0,362,10000,0,,3,0.854,rejected
4162,25/08/2021,GTM,Male,Indian,40,KUL,SRC,SENTUL,Y-EGOAV,7650,2000,24,2600,2296.15,0,283,5650,0.123,2013.65,4,0.7386,approved
4186,03/08/2021,GTM,Male,Malay,35,SGR,MNC,T.PULAI,Y-115Z(UE15),7610,770,48,30000,2800,0,200,6840,0,,3,0.8988,rejected
4187,18/08/2021,GTM,Female,Malay,30,SGR,HR,K.SELANGOR,H-RS150RR,12070,1210,36,1500,1399,469,393,10860,0.6156,537.83,8,0.8998,archived
4216,03/08/2021,GTM,Female,Indian,22,SGR,HLTH,PANGLIMA,Y-Y15ZR,11690,1690,48,1200,1050,0,292,10000,0.2778,758.33,5,0.8554,rejected
4246,12/08/2021,GTM,Female,Indian,22,PNG,EDU,KAPAR,Y-115Z(UE15),7630,770,48,2165.55,1800,0,201,6860,0,,0,0.8991,rejected
4250,01/08/2021,GTM,Female,Indian,23,PNG,SRC,PUCHONG,H-RS150R TRICO,11070,1110,48,1329,1063,0,291,9960,0.2733,772.5,0,0.8997,rejected
4251,02/08/2021,GTM,Female,Malay,26,SBH,SRC,SRI KBGAN,Y-135LC AC,9270,930,48,1997,1446,0,244,8340,0.1682,1202.75,0,0.8997,approved
4257,01/08/2021,GTM,Male,Indian,19,SGR,MNC,SA,Y-135LC AC,9270,1000,24,2800,2500,0,414,8270,0,,0,0.8921,rejected
4267,04/08/2021,GTM,Male,Malay,19,PRK,SRC,K.SELANGOR,H-RS150R TRICO,11070,1110,36,2050,1483,0,360,9960,0,,5,0.8997,reverted
4271,03/08/2021,GTM,Male,Malay,36,KTN,MNC,T.PULAI,Y-Y16ZR,13600,2000,48,30000,2800,0,339,11600,0,,3,0.8529,rejected
4273,01/08/2021,GTM,Male,Malay,24,TRG,SRC,S.BULOH,H-DASHR152,8350,1090,36,1345,1213,0,263,7260,0,,3,0.8695,cancelled
4274,01/08/2021,GTM,Male,Malay,42,KTN,MNC,SS,H-DASHRREPSOL,8550,860,48,2000,1900,0,225,7690,0,,3,0.8994,rejected
4275,04/08/2021,GTM,Male,Malay,28,PRK,SRC,S.BULOH,H-DASHR152,8350,840,48,1640,1140,0,220,7510,0.1921,920.96,6,0.8994,stockout
4276,01/08/2021,GTM,Male,Malay,22,SGR,F&B,R.PANJANG,H-DASHRREPSOL,8550,860,36,1532.97,1394.12,0,278,7690,0,,2,0.8994,rejected
4277,01/08/2021,GTM,Male,Malay,26,KUL,F&B,SS,H-DASHS125,8030,810,36,1500,1357.75,0,261,7220,0,,0,0.8991,rejected
4278,02/08/2021,GTM,Male,Malay,23,SGR,SRC,SUBANG,Y-Y15ZR,11690,3000,48,1724,1554,0,254,8690,0.1631,1300.54,0,0.7434,archived
4279,05/08/2021,GTM,Male,Malay,46,SBH,MNC,SA,Y-Y15ZR,11690,1690,36,1757,1405,270,362,10000,0.4492,773.89,9,0.8554,approved
4280,01/08/2021,GTM,Male,Indian,18,SGR,MNC,SS,Y-Y15ZR,11690,2000,48,1575,1352,0,283,9690,0.209,1069.38,0,0.8289,rejected
4281,01/08/2021,GTM,Male,Malay,36,SGR,SALE,S.UTAMA,H-RS150R TRICO,11070,1110,48,4000,3815.58,0,291,9960,0,,4,0.8997,rejected
4282,01/08/2021,GTM,Male,Malay,30,KUL,MNC,PANGLIMA,Y-NMAX,11500,5000,48,3399,3001.55,0,190,6500,0,,4,0.5652,rejected
4284,01/08/2021,GTM,Male,Malay,56,SGR,SRC,S.BULOH,H-VARIO150,9750,980,48,6103,3343,0,256,8770,0,,4,0.8995,rejected
4285,02/08/2021,GTM,Female,Indian,49,PRK,O&G,S.UTAMA,Y-135LC AC,9270,930,48,1100,997,0,244,8340,0,,4,0.8997,rejected
4286,02/08/2021,GTM,Female,Malay,21,KTN,SRC,S.UTAMA,H-VARIO150,9750,980,48,1699,1472,0,256,8770,0.1738,1216.21,0,0.8995,reverted
4287,02/08/2021,GTM,Male,Malay,24,JHR,SRC,K.LAMA,H-RS150R TRICO,11070,1110,48,1333,1218,0,291,9960,0.2385,927.5,0,0.8997,rejected
4288,02/08/2021,GTM,Female,Malay,25,PRK,MNC,S.UTAMA,H-DASHRREPSOL,8550,860,48,1645,1450,613,225,7690,0.5774,612.71,0,0.8994,stockout
4289,03/08/2021,GTM,Male,Malay,19,KTN,MNC,T.PULAI,Y-Y15ZR,11690,1690,48,2000,1600,0,292,10000,0.1823,1308.33,0,0.8554,rejected
4290,02/08/2021,GTM,Male,Malay,23,SWK,SRC,K.LAMA,Y-135LC AC,9270,930,48,1444,1149,0,244,8340,0,,2,0.8997,rejected
4291,02/08/2021,GTM,Male,Indian,38,SGR,OTH,ONLINE SALES,H-DASHRREPSOL,8550,860,24,6570,5516,0,385,7690,0,,5,0.8994,rejected
4292,02/08/2021,GTM,Female,Malay,27,SGR,MNC,K.SELANGOR,Y-Y15ZR,11690,1700,48,2500,2250,496,292,9990,0.3499,1462.63,8,0.8546,stockout
4293,02/08/2021,GTM,Male,Malay,29,KUL,MNC,SA,Y-135LC AC,9270,930,48,2600,2300,670,244,8340,0.3971,1386.75,7,0.8997,stockout
4294,02/08/2021,GTM,Male,Malay,27,SGR,ECOM,SENTUL,H-EX5NBC,6750,680,48,1500,1393.57,0,178,6070,0,,5,0.8993,reverted
4295,08/08/2021,GTM,Male,Indian,19,SGR,SRC,SENTUL,Y-Y15ZR,11710,1690,48,1650,1439,0,293,10020,0.2031,1146.75,0,0.8557,approved
4296,08/08/2021,GTM,Female,Malay,21,JHR,SRC,SENTUL,Y-Y15ZR,11710,1690,48,1800,1600,394,293,10020,0.4289,913.75,7,0.8557,approved
4297,02/08/2021,GTM,Male,Indian,41,KUL,OTH,R.PANJANG,H-WAVER125IM,8600,860,24,13669,10935.2,3124,387,7740,0.3211,7424.2,8,0.9,stockout
4298,21/08/2021,GTM,Male,Indian,34,KUL,MNC,MERU,H-DASHR152,8370,860,48,1700,1597,0,220,7510,0,,4,0.8973,rejected
4299,02/08/2021,GTM,Male,Malay,33,SGR,OTH,SS,H-DASHRREPSOL,8550,860,36,1225.16,1087.1,0,278,7690,0,,3,0.8994,rejected
4300,07/08/2021,GTM,Male,Malay,34,PHG,SRC,PUCHONG,Y-Y15ZR,11710,1690,48,2250,2008,0,293,10020,0.1455,1715.75,6,0.8557,approved
4301,02/08/2021,GTM,Male,Indian,27,SGR,SRC,PUCHONG,H-DASHRREPSOL,8550,860,48,2673,2514,0,225,7690,0,,4,0.8994,rejected
4302,02/08/2021,GTM,Male,Malay,24,KDH,SRC,SRI KBGAN,H-RS150R TRICO,11070,1110,48,1200,959,0,291,9960,0.3029,668.5,0,0.8997,approved
4303,02/08/2021,GTM,Male,Indian,21,SGR,MNC,PANGLIMA,Y-Y15ZR,11690,1710,48,2009,1853,0,292,9980,0.1571,1561.92,0,0.8537,rejected
4304,03/08/2021,GTM,Male,Malay,25,JHR,GIG,PANGLIMA,H-DASHR152,8350,840,36,2709,2167,0,272,7510,0.1251,1895.81,0,0.8994,stockout
4305,03/08/2021,GTM,Male,Malay,27,JHR,SRC,K.LAMA,H-DASHR152,8350,840,48,1639,1361,0,220,7510,0.1609,1141.96,0,0.8994,reverted
4306,03/08/2021,GTM,Male,Malay,27,KDH,SRC,S.UTAMA,Y-135LC AC,9270,930,48,2869,1456,0,244,8340,0,,4,0.8997,rejected
4307,03/08/2021,GTM,Female,Malay,37,SGR,SRC,R.PANJANG,H-WAVEAL,6260,630,36,2500,2350,0,204,5630,0,,4,0.8994,rejected
4308,03/08/2021,GTM,Male,Malay,29,NSN,OTH,S.UTAMA,H-DASHR152,8350,840,48,2554,2343,0,220,7510,0,,4,0.8994,rejected
4309,03/08/2021,GTM,Female,Malay,24,SGR,SRC,PANGLIMA,Y-135LC AC,9270,950,36,1800,1700,0,301,8320,0.1767,1399.56,0,0.8975,reverted
4310,03/08/2021,GTM,Male,Malay,23,SGR,SRC,SUBANG,Y-Y15ZR,11690,1690,48,1724,1554,0,292,10000,0.1877,1262.33,0,0.8554,approved
4311,06/08/2021,GTM,Male,Others,29,SWK,SRC,SUBANG,H-DASHR152,8350,840,48,1726,1527,0,220,7510,0.1434,1307.96,0,0.8994,rejected
4312,28/08/2021,GTM,Male,Malay,22,SWK,SRC,SUBANG,Y-Y15ZR,11690,1690,48,1116,1018,0,292,10000,0.2865,726.33,0,0.8554,cancelled
4313,11/08/2021,GTM,Male,Malay,22,TRG,ECOM,SENTOSA,H-DASHR152,8370,860,24,3468,3060.85,0,376,7510,0,,3,0.8973,cancelled
4314,16/08/2021,GTM,Male,Malay,19,KDH,MNC,T.PULAI,H-BEAT(ACH110),7500,750,36,1475,1375,0,244,6750,0.1773,1131.25,0,0.9,reverted
4315,12/08/2021,GTM,Female,Malay,19,PJY,ECOM,SUBANG,H-WAVER125I,8600,860,48,1800,1600,0,226,7740,0.1411,1374.25,0,0.9,archived
4316,03/08/2021,GTM,Male,Others,20,SBH,MNC,T.PULAI,Y-115Z(UE15),7610,770,36,3000,2800,0,247,6840,0,,3,0.8988,cancelled
4317,03/08/2021,GTM,Male,Malay,34,SBH,SRC,SRI KBGAN,H-DASHR152,8350,840,48,2474.12,2240.47,809,220,7510,0.4589,1212.43,5,0.8994,stockout
4318,03/08/2021,GTM,Male,Malay,19,SGR,MNC,SA,H-RS150R TRICO,11070,1110,48,1850,1410,0,291,9960,0,,3,0.8997,cancelled
4319,05/08/2021,GTM,Male,Malay,42,SGR,MNC,SA,H-DASHRREPSOL,8550,1700,24,2443,1829,0,343,6850,0,,2,0.8012,rejected
4320,04/08/2021,GTM,Male,Malay,23,PHG,MNC,PANGLIMA,Y-Y15ZR,11690,1690,24,2172,1737,0,500,10000,0.2879,1237,0,0.8554,reverted
4321,04/08/2021,GTM,Male,Indian,21,KUL,SRC,K.LAMA,H-DASHR152,8350,840,48,1406,1400,0,220,7510,0,,2,0.8994,rejected
4322,04/08/2021,GTM,Female,Malay,20,SGR,SRC,K.SELANGOR,H-DASHR152,8350,840,36,2083,1764,0,272,7510,0.1537,1492.81,5,0.8994,archived
4323,04/08/2021,GTM,Male,Others,33,SWK,OTH,SA,H-DASHRREPSOL,8550,860,36,1600,1400,0,278,7690,0,,4,0.8994,rejected
4324,04/08/2021,GTM,Female,Malay,21,SGR,OTH,SA,H-VARIO150,9750,980,36,3000,2800,0,317,8770,0.1131,2483.31,0,0.8995,archived
4325,04/08/2021,GTM,Female,Malay,28,KTN,MNC,ONLINE SALES,H-RS150R TRICO,11070,1110,36,2000,1800,0,360,9960,0.1998,1440.33,5,0.8997,stockout
4326,04/08/2021,GTM,Female,Malay,42,SGR,F&B,K.SELANGOR,Y-135LC AC,9270,2000,36,3107,2486,0,263,7270,0.1056,2223.47,7,0.7843,archived
4327,09/08/2021,GTM,Male,Malay,27,SGR,SRC,PUCHONG,Y-135LC AC,9290,930,48,2500,2300,0,244,8360,0,,4,0.8999,rejected
4328,05/08/2021,GTM,Male,Malay,19,KTN,MNC,K.SELANGOR,S-VF3I185LEPRO,11900,1190,36,1730,1380,0,387,10710,0.2803,993.25,0,0.9,cancelled
4329,05/08/2021,GTM,Male,Indian,35,SGR,SRC,SUBANG,S-VF3I185LEPRO,11900,1190,48,11200,8960,489,313,10710,0.0894,8158.63,6,0.9,stockout
4330,05/08/2021,GTM,Male,Malay,27,SBH,SRC,SRI KBGAN,H-DASHRREPSOL,8550,860,48,1875,1354,454,225,7690,0.501,675.71,0,0.8994,archived
4331,09/08/2021,GTM,Female,Malay,40,KTN,TRD,PUCHONG,H-WAVER125I,8620,860,48,2156,1969,0,227,7760,0.1149,1742.67,0,0.9002,rejected
4332,05/08/2021,GTM,Male,Malay,38,SGR,MNC,SENTOSA,S-VF3I185LEPRO,11900,1190,48,2483,2357,1248,313,10710,0.662,796.63,5,0.9,cancelled
4333,05/08/2021,GTM,Male,Chinese,27,KTN,MNC,KAPAR,S-VF3I185LEPRO,11900,1190,48,3221,2203,0,313,10710,0.1418,1890.63,5,0.9,cancelled
4334,05/08/2021,GTM,Male,Malay,23,KTN,MNC,SA,Y-115Z(UE15),7610,770,36,1200,1057,0,247,6840,0.2337,810,5,0.8988,rejected
4335,05/08/2021,GTM,Male,Malay,23,SGR,SRC,RAWANG,Y-135LC AC,9270,930,36,1200,1056,0,302,8340,0,,4,0.8997,cancelled
4336,05/08/2021,GTM,Male,Indian,31,KUL,SRC,RAWANG,H-DASHR152,8350,840,48,2261,1639.25,0,220,7510,0,,4,0.8994,cancelled
4337,06/08/2021,GTM,Male,Indian,54,SGR,SRC,K.SELANGOR,H-DASHR152,8370,840,36,1818,913,0,272,7530,0,,0,0.8996,rejected
4338,05/08/2021,GTM,Male,Malay,27,SBH,SRC,SRI KBGAN,H-DASHRREPSOL,8550,1310,48,1875,1354,454,212,7240,0.4913,688.83,0,0.8468,archived
4339,05/08/2021,GTM,Female,Malay,27,PRK,F&B,S.UTAMA,H-VARIO150,9750,980,48,1700,1089,0,256,8770,0.2349,833.21,0,0.8995,approved
4340,05/08/2021,GTM,Male,Malay,27,SGR,IT,S.UTAMA,Y-135LC AC,9270,930,48,1100,1000,0,244,8340,0,,3,0.8997,rejected
4341,05/08/2021,GTM,Male,Malay,31,PHG,MNC,S.UTAMA,Y-135LC AC,9270,930,48,2555,2220,589,244,8340,0.3749,1387.75,8,0.8997,approved
4342,06/08/2021,GTM,Female,Malay,37,SGR,SRC,RAWANG,Y-Y16ZR,13620,5000,48,1400,1215,167,252,8620,0.3444,796.58,7,0.6329,approved
4343,06/08/2021,GTM,Male,Indian,25,KUL,SRC,K.LAMA,Y-Y15ZR,11710,1690,36,1967,1774,0,362,10020,0,,1,0.8557,rejected
4344,06/08/2021,GTM,Female,Malay,44,KTN,SRC,SA,Y-Y15ZR,11710,1690,48,9000,6000,0,293,10020,0,,1,0.8557,rejected
4345,11/08/2021,GTM,Male,Indian,42,SGR,SRC,ONLINE SALES,Y-115Z(UE15),7630,770,24,2718,1380,0,343,6860,0.2486,1037,7,0.8991,approved
4346,06/08/2021,GTM,Male,Malay,38,SGR,MNC,SENTOSA,Y-Y15ZR,11710,1690,48,2483,2357,1248,293,10020,0.6535,816.75,5,0.8557,archived
4347,06/08/2021,GTM,Male,Malay,40,SGR,GOODS,K.SELANGOR,H-DASHR152,8370,1000,36,1451,1281,0,267,7370,0,,0,0.8805,reverted
4348,06/08/2021,GTM,Male,Indian,54,SGR,O&G,K.SELANGOR,H-WAVEAL,6280,2330,24,3145,2533,259,198,3950,0.1802,2076.5,8,0.629,stockout
4349,07/08/2021,GTM,Male,Indian,54,NSN,MNC,SA,H-DASHR152,8370,840,36,3383,2951,616.3,272,7530,0.301,2062.78,8,0.8996,stockout
4350,06/08/2021,GTM,Male,Malay,32,KUL,SRC,SUBANG,H-WAVEAL,6280,2350,48,2650,2533,0,115,3930,0,,6,0.6258,reverted
4351,06/08/2021,GTM,Female,Malay,22,SGR,SRC,SUBANG,H-DASHRREPSOL,8570,880,48,1500,1354,198,225,7690,0.3119,931.71,7,0.8973,approved
4352,12/08/2021,GTM,Female,Malay,26,SGR,SRC,K.SELANGOR,H-DASHR152,8370,840,48,2250,2018.25,0,220,7530,0,,1,0.8996,rejected
4353,07/08/2021,GTM,Female,Malay,42,SGR,F&B,K.SELANGOR,H-DASHRREPSOL,8570,2800,24,3107,2486,0,289,5770,0.116,2197.5,7,0.6733,stockout
4354,07/08/2021,GTM,Male,Indian,21,PHG,SRC,SS,Y-Y15ZR,11710,2000,48,2100,2000,0,284,9710,0,,0,0.8292,reverted
4355,07/08/2021,GTM,Male,Malay,19,SGR,SRC,SS,Y-Y15ZR,11710,3000,36,1200,1000,0,315,8710,0,,0,0.7438,reverted
4357,10/08/2021,GTM,Male,Malay,28,TRG,SRC,SA,H-DASHR152,8370,840,48,1600,900,0,220,7530,0.244,680.38,6,0.8996,cancelled
4359,11/08/2021,GTM,Male,Malay,19,SBH,SRC,MERU,Y-135LC AC,9290,930,36,2200,2000,0,302,8360,0.1509,1698.11,0,0.8999,stockout
4360,08/08/2021,GTM,Male,Malay,30,SGR,SRC,ONLINE SALES,H-DASHR152,8370,840,36,1948,1357,0,272,7530,0.2004,1085.08,0,0.8996,rejected
4361,08/08/2021,GTM,Female,Malay,20,SGR,SRC,K.SELANGOR,H-DASHR152,8370,860,36,2083,1764,0,272,7510,0.1537,1492.81,5,0.8973,stockout
4362,08/08/2021,GTM,Male,Malay,23,JHR,SRC,K.LAMA,H-VARIO150,9770,1500,48,1813,1800,0,242,8270,0,,5,0.8465,cancelled
4363,08/08/2021,GTM,Male,Malay,18,SGR,SRC,MERU,Y-115Z(UE15),7630,770,48,1200,1100,0,201,6860,0,,0,0.8991,rejected
4364,08/08/2021,GTM,Male,Indian,20,PNG,MNC,SA,Y-135LC AC,9290,930,36,2500,2200,0,302,8360,0,,2,0.8999,rejected
4365,08/08/2021,GTM,Female,Indian,45,SGR,SRC,K.SELANGOR,H-DASHR152,8370,840,36,1068,988,0,272,7530,0,,0,0.8996,rejected
4366,08/08/2021,GTM,Male,Malay,31,SGR,SRC,K.SELANGOR,H-RS150R TRICO,11090,1110,48,2976,2900,0,292,9980,0,,0,0.8999,cancelled
4367,08/08/2021,GTM,Male,Indian,49,PRK,SRC,SENTUL,Y-135LC AC,9290,930,48,1100,995.75,0,244,8360,0,,4,0.8999,cancelled
4368,15/08/2021,GTM,Female,Malay,18,PHG,MNC,SA,Y-Y15ZR,11710,1690,48,1980,1010,0,293,10020,0,,5,0.8557,cancelled
4369,09/08/2021,GTM,Male,Malay,29,SBH,SRC,S.BULOH,H-EX5NBC,6770,700,48,3285,1578,0,178,6070,0.1122,1400.96,0,0.8966,stockout
4370,09/08/2021,GTM,Female,Malay,31,TRG,HR,PUCHONG,H-DASHRREPSOL,8570,860,48,2558,1110,887,225,7710,1.0017,-1.88,4,0.8996,rejected
4371,09/08/2021,GTM,Male,Malay,21,SGR,SRC,K.LAMA,H-WAVEAL,6280,800,24,1732,1563,202,274,5480,0.3045,1087,7,0.8726,stockout
4372,09/08/2021,GTM,Male,Malay,27,SBH,SRC,SRI KBGAN,H-DASHR152,8370,1290,48,1875,1354,454,207,7080,0.4878,693.5,0,0.8459,stockout
4374,09/08/2021,GTM,Male,Malay,20,KTN,MNC,KAPAR,Y-EGOSO,7320,730,48,2024,1501,0,193,6590,0.1281,1308.79,0,0.9003,reverted
4375,09/08/2021,GTM,Male,Malay,26,SBH,ENGI,KAPAR,H-RS150RR,12090,1210,36,1924,1475,0,393,10880,0.2664,1082.11,0,0.8999,rejected
4377,16/08/2021,GTM,Male,Malay,21,MLK,MNC,KAPAR,Y-115Z(UE15),7630,770,48,1292,1141,0,201,6860,0.1754,940.92,0,0.8991,rejected
4378,09/08/2021,GTM,Male,Malay,20,SBH,OTH,ONLINE SALES,H-DASHR152,8370,840,36,1365,1092,0,272,7530,0.249,820.08,0,0.8996,reverted
4380,09/08/2021,GTM,Female,Malay,32,KDH,MNC,S.BULOH,H-RS150R TRICO,11090,1130,48,1797,1645,0,291,9960,0,,2,0.8981,rejected
4381,10/08/2021,GTM,Male,Malay,32,KUL,SRC,SUBANG,H-WAVEAL,6280,650,24,1400,1264,0,282,5630,0.2227,982.5,6,0.8965,stockout
4382,09/08/2021,GTM,Male,Indian,19,SGR,MNC,R.PANJANG,Y-115Z(UE15),7630,2500,36,1284,1084,0,186,5130,0.1709,898.75,0,0.6723,reverted
4384,22/08/2021,GTM,Male,Malay,23,SBH,MNC,SA,Y-Y15ZR,11710,1690,36,1888.95,1193.05,0,362,10020,0.3033,831.22,3,0.8557,stockout
4385,09/08/2021,GTM,Male,Indian,21,KUL,SRC,PUCHONG,H-DASHRREPSOL,8570,860,48,1406,1400,0,225,7710,0,,2,0.8996,cancelled
4386,09/08/2021,GTM,Male,Malay,24,SGR,SRC,PANGLIMA,H-DASHR152,8370,840,48,1600,1400,0,220,7530,0,,0,0.8996,reverted
4387,10/08/2021,GTM,Male,Malay,46,SGR,MNC,PANGLIMA,H-RS150R TRICO,11090,1110,48,1635,1635,0,292,9980,0.178,1343.92,7,0.8999,rejected
4388,10/08/2021,GTM,Male,Malay,40,MLK,SRC,SRI KBGAN,H-DASHR152,8370,840,36,2113,1734,0,272,7530,0.1568,1462.08,6,0.8996,stockout
4389,10/08/2021,GTM,Female,Malay,31,KUL,OTH,ONLINE SALES,H-DASHR152,8370,840,48,4811,4333,1055,220,7530,0.2942,3058.38,7,0.8996,rejected
4390,10/08/2021,GTM,Female,Malay,21,KUL,OTH,ONLINE SALES,H-DASHR152,8370,840,48,1800,1600,0,220,7530,0.1373,1380.38,0,0.8996,stockout
4391,10/08/2021,GTM,Female,Malay,21,KTN,SRC,PUCHONG,H-DASHR152,8370,840,48,1600,1424,0,220,7530,0.1542,1204.38,0,0.8996,reverted
4393,10/08/2021,GTM,Male,Indian,24,PRK,MNC,SENTOSA,Y-135LC AC,9290,1500,48,1600,1400,0,228,7790,0.1623,1172.79,0,0.8385,rejected
4395,10/08/2021,GTM,Male,Malay,27,PRK,SRC,SA,H-BEAT(ACH110),7520,750,36,3794,1897,836,245,6770,0.5696,816.53,7,0.9003,approved
4396,10/08/2021,GTM,Male,Malay,37,SBH,MNC,SENTOSA,Y-Y16ZR,13620,2000,48,4470,3965,0,339,11620,0.0855,3626.08,4,0.8532,rejected
4397,10/08/2021,GTM,Male,Malay,18,SGR,SRC,R.PANJANG,Y-135LC AC,9290,930,48,2000,1700,0,244,8360,0,,0,0.8999,reverted
4398,10/08/2021,GTM,Female,Indian,24,SGR,MNC,SENTOSA,Y-135LC AC,9290,1000,48,2800,2600,0,242,8290,0.093,2358.21,0,0.8924,rejected
4399,10/08/2021,GTM,Male,Malay,38,SGR,MNC,SENTOSA,H-DASHRREPSOL,8570,860,48,2483,2357,1248,225,7710,0.6249,884.13,5,0.8996,stockout
4401,10/08/2021,GTM,Female,Malay,22,NSN,SRC,K.LAMA,H-EX5NBC,6770,700,36,1600,1433,0,220,6070,0.153,1213.81,0,0.8966,reverted
4403,10/08/2021,GTM,Male,Malay,23,KUL,SRC,S.UTAMA,Y-135LC AC,9290,930,48,1720.29,1614.04,0,244,8360,0,,4,0.8999,rejected
4404,10/08/2021,GTM,Male,Indian,22,JHR,GOODS,S.UTAMA,Y-135LC AC,9290,930,48,1625,1189,0,244,8360,0,,2,0.8999,rejected
4405,10/08/2021,GTM,Female,Malay,35,JHR,OTH,PANGLIMA,Y-115Z(UE15),7630,770,48,2007,1800,0,201,6860,0,,3,0.8991,rejected
4406,11/08/2021,GTM,Male,Malay,38,SGR,SALE,S.BULOH,H-RS150R TRICO,11090,1130,36,2100,1856,233,360,9960,0.3193,1263.33,6,0.8981,approved
4407,11/08/2021,GTM,Male,Indian,34,KUL,SRC,PUCHONG,H-DASHR152,8370,840,48,1700,1500,0,220,7530,0,,3,0.8996,rejected
4408,11/08/2021,GTM,Male,Malay,33,PRK,SRC,PANGLIMA,H-WAVEAL,6280,630,48,2000,1000,0,165,5650,0,,4,0.8997,rejected
4409,13/08/2021,GTM,Male,Malay,28,KTN,OTH,SENTOSA,H-DASHR152,8370,840,36,2000,1900,0,272,7530,0,,7,0.8996,cancelled
4410,25/08/2021,GTM,Male,Indian,23,PNG,MNC,R.PANJANG,Y-115Z(UE15),7630,770,48,1246.15,1098,0,201,6860,0,,0,0.8991,cancelled
4411,11/08/2021,GTM,Male,Chinese,19,KUL,SRC,SUBANG,H-DASHR152,8370,860,48,1450,1200,0,220,7510,0.1825,980.96,0,0.8973,stockout
4413,11/08/2021,GTM,Male,Malay,34,SBH,SRC,MERU,H-RS150R TRICO,11090,2400,36,3150,3000,0,314,8690,0,,4,0.7836,rejected
4414,11/08/2021,GTM,Male,Malay,20,KDH,SRC,MERU,H-RS150R TRICO,11090,1500,48,1650,1264,0,280,9590,0.2213,984.29,5,0.8647,reverted
4415,11/08/2021,GTM,Male,Malay,32,JHR,SRC,SRI KBGAN,H-RS150R TRICO,11090,1110,48,2810.43,1023.03,0,292,9980,0,,3,0.8999,rejected
4416,11/08/2021,GTM,Male,Malay,35,KTN,SRC,SRI KBGAN,H-DASHR152,8370,840,48,1500,1400,251,220,7530,0.3362,929.38,7,0.8996,stockout
4417,12/08/2021,GTM,Female,Indian,21,KUL,SRC,PUCHONG,Y-135LC AC,9690,970,48,1630,1629,0,255,8720,0,,0,0.8999,rejected
4418,12/08/2021,GTM,Female,Indian,18,SGR,EDU,KAPAR,Y-Y15ZR,11710,1690,48,1999,1729,0,293,10020,0.169,1436.75,0,0.8557,rejected
4419,12/08/2021,GTM,Female,Indian,20,KUL,EDU,KAPAR,Y-Y15ZR,11710,1690,48,1857.69,1613.89,0,293,10020,0,,0,0.8557,rejected
4420,12/08/2021,GTM,Female,Malay,20,SBH,EDU,KAPAR,Y-EGOSO,7320,730,36,2687.98,2543.43,0,238,6590,0,,2,0.9003,rejected
4421,13/08/2021,GTM,Male,Malay,32,KTN,MNC,SA,Y-NVXABS,14420,2400,48,1500,1330,0,351,12020,0.2636,979.42,0,0.8336,approved
4422,13/08/2021,GTM,Male,Malay,18,KUL,SRC,SA,H-RS150R TRICO,11090,1110,48,2000,1500,0,292,9980,0.1941,1208.92,0,0.8999,approved
4423,22/08/2021,GTM,Male,Malay,26,SGR,MNC,SA,Y-Y15ZR,11710,1690,48,1620,1400,0,293,10020,0.2088,1107.75,5,0.8557,approved
4424,12/08/2021,GTM,Male,Malay,19,KUL,SRC,RAWANG,H-RS150R TRICO,11090,1110,48,1500,1350,0,292,9980,0.2156,1058.92,0,0.8999,approved
4426,12/08/2021,GTM,Male,Malay,24,KTN,MNC,PANGLIMA,Y-Y15ZR,11710,1690,24,1615,1450.15,0,501,10020,0,,4,0.8557,rejected
4427,12/08/2021,GTM,Female,Malay,23,SGR,TRD,S.BULOH,H-DASHR152,8370,860,48,1200,1100,0,220,7510,0.1991,880.96,0,0.8973,reverted
4428,12/08/2021,GTM,Male,Indian,58,PRK,OTH,S.UTAMA,H-DASHR152,8370,840,48,1800,1189,0,220,7530,0,,0,0.8996,rejected
4429,12/08/2021,GTM,Male,Malay,19,TRG,OTH,S.UTAMA,Y-Y15ZR,11710,1690,36,1800,1600,0,362,10020,0.2261,1238.17,5,0.8557,approved
4430,18/08/2021,GTM,Male,Malay,22,SGR,MNC,S.UTAMA,Y-135LC AC,9290,930,24,2200,1986,0,418,8360,0.2105,1568,0,0.8999,approved
4431,12/08/2021,GTM,Male,Indian,30,PNG,SRC,S.BULOH,Y-Y15ZR,11710,1710,48,1800,1500,0,292,10000,0.1944,1208.33,0,0.854,rejected
4432,14/08/2021,GTM,Female,Malay,19,SGR,SRC,MERU,Y-115Z(UE15),7630,770,48,1300,1133,0,201,6860,0.1766,932.92,0,0.8991,approved
4433,12/08/2021,GTM,Female,Malay,40,SGR,F&B,ONLINE SALES,H-DASHRREPSOL,8570,1400,36,10000,9999,0,259,7170,0,,4,0.8366,rejected
4434,12/08/2021,GTM,Male,Malay,27,KUL,SRC,SRI KBGAN,H-RS150R TRICO,11090,1110,48,2450,2100,2532,292,9980,1.3443,-723.08,5,0.8999,rejected
4435,15/08/2021,GTM,Male,Malay,31,SGR,MNC,SS,H-RS150R TRICO,11090,1110,36,2271,2071,743,361,9980,0.5328,967.61,7,0.8999,stockout
4436,13/08/2021,GTM,Male,Indian,42,SGR,SRC,K.SELANGOR,H-DASHR152,8370,840,24,2718,1380,0,377,7530,0,,7,0.8996,cancelled
4438,13/08/2021,GTM,Male,Malay,21,NSN,TRD,SENTUL,Y-135LC AC,9290,930,48,1250,1127.25,0,244,8360,0,,2,0.8999,rejected
4439,13/08/2021,GTM,Male,Indian,19,SGR,EDU,KAPAR,H-RS150R TRICO,11090,1110,48,1200,900,0,292,9980,0.3234,608.92,0,0.8999,rejected
4440,13/08/2021,GTM,Male,Malay,26,KUL,GIG,PANGLIMA,H-WAVEAL,6280,2629,24,4000,3500,0,183,3651,0,,6,0.5814,reverted
4441,13/08/2021,GTM,Female,Malay,19,PJY,ECOM,SUBANG,H-WAVER125I,8620,880,48,1800,1600,0,226,7740,0.1411,1374.25,0,0.8979,stockout
4442,14/08/2021,GTM,Male,Malay,28,KTN,SRC,SENTOSA,H-DASHR152,8370,860,36,1600,1500,0,272,7510,0,,7,0.8973,rejected
4443,14/08/2021,GTM,Male,Indian,52,MLK,SRC,SENTOSA,Y-Y15ZR,11710,1690,48,2316,1911,0,293,10020,0.1529,1618.75,0,0.8557,rejected
4444,14/08/2021,GTM,Male,Malay,20,LBN,MNC,MERU,H-EX5NBC,6770,680,48,2000,1800,0,178,6090,0.0987,1622.38,0,0.8996,approved
4445,14/08/2021,GTM,Male,Malay,24,SGR,GIG,SENTUL,H-WAVER125I,8620,860,36,1300,1208.85,0,281,7760,0,,0,0.9002,reverted
4446,15/08/2021,GTM,Male,Malay,27,KTN,IT,SUBANG,H-DASHR152,8370,840,36,3660,3239,1168,272,7530,0.4446,1799.08,5,0.8996,archived
4447,15/08/2021,GTM,Male,Malay,20,PRK,BUID,SUBANG,H-DASHRREPSOL,8570,860,48,1600,1400,0,225,7710,0.1606,1175.13,0,0.8996,rejected
4448,15/08/2021,GTM,Male,Malay,23,JHR,OTH,R.PANJANG,H-VARIO150,9770,980,48,2000,1813.61,0,257,8790,0,,5,0.8997,cancelled
4449,15/08/2021,GTM,Female,Malay,19,SGR,HLTH,R.PANJANG,Y-115Z(UE15),7630,770,36,1246.4,1107.28,0,248,6860,0,,0,0.8991,reverted
4450,25/08/2021,GTM,Male,Malay,23,SGR,TRD,PUCHONG,H-WAVER125IM,8620,860,48,1460,1360,0,227,7760,0.1664,1133.67,0,0.9002,approved
4451,17/08/2021,GTM,Female,Malay,22,PHG,SRC,SRI KBGAN,H-RS150R TRICO,11090,1110,48,1680,1434.88,0,292,9980,0,,5,0.8999,approved
4452,15/08/2021,GTM,Male,Malay,40,SGR,SRC,K.LAMA,H-EX5NBC,6770,700,36,1700,1553,0,220,6070,0.1411,1333.81,0,0.8966,reverted
4453,15/08/2021,GTM,Male,Malay,20,SBH,GOODS,K.SELANGOR,Y-Y15ZR,11710,1690,36,1934,1761,0,362,10020,0.2055,1399.17,0,0.8557,rejected
4454,16/08/2021,GTM,Male,Malay,22,KTN,MNC,SS,H-DASHR152,8370,860,48,2143.71,1956.86,0,220,7510,0.1119,1737.82,0,0.8973,reverted
4455,15/08/2021,GTM,Male,Malay,54,KTN,MNC,PANGLIMA,H-WAVEAL,6280,2629,36,5000,4500,0,132,3651,0,,4,0.5814,rejected
4456,16/08/2021,GTM,Female,Malay,24,SGR,GOODS,ONLINE SALES,Y-135LC AC,9290,950,36,3521,2817,506,302,8340,0.2865,2009.83,8,0.8977,stockout
4457,17/08/2021,GTM,Female,Malay,22,PRK,F&B,SENTUL,H-WAVER125I,8620,860,48,1338,1157,0,227,7760,0.1956,930.67,0,0.9002,archived
4458,16/08/2021,GTM,Female,Malay,22,SGR,SRC,R.PANJANG,H-WAVER125I,8620,860,24,3703.92,3411.17,0,388,7760,0,,0,0.9002,reverted
4459,16/08/2021,GTM,Male,Others,21,SBH,TRD,SENTUL,H-DASHRREPSOL,8570,860,48,1422,1316,0,225,7710,0.1709,1091.13,0,0.8996,reverted
4460,16/08/2021,GTM,Female,Malay,39,SGR,MNC,ONLINE SALES,H-DASHR152,8370,1790,36,1405,1261.85,0,238,6580,0,,6,0.7861,rejected
4461,16/08/2021,GTM,Female,Indian,29,SGR,SRC,SENTOSA,H-DASHRREPSOL,8570,860,24,1200,1100,0,386,7710,0,,4,0.8996,rejected
4462,16/08/2021,GTM,Male,Malay,19,PRK,SRC,SENTUL,H-DASHRREPSOL,8570,860,48,2080.56,1564.5,0,225,7710,0,,5,0.8996,cancelled
4463,16/08/2021,GTM,Female,Malay,25,SGR,F&B,SENTOSA,Y-135LC AC,9290,930,36,1838,1353,0,302,8360,0.2231,1051.11,0,0.8999,approved
4464,16/08/2021,GTM,Male,Indian,25,PRK,MNC,SENTOSA,Y-Y15ZR,11710,1690,48,1500,978,0,293,10020,0.2988,685.75,0,0.8557,approved
4465,16/08/2021,GTM,Male,Indian,26,SGR,EDU,KAPAR,Y-Y15ZR,11710,1690,36,1876,1726,0,362,10020,0.2096,1364.17,0,0.8557,reverted
4466,17/08/2021,GTM,Male,Malay,27,PRK,SRC,K.SELANGOR,Y-115Z(UE15),7630,770,48,1618,1518,0,201,6860,0,,2,0.8991,rejected
4467,16/08/2021,GTM,Male,Indian,21,KUL,OTH,ONLINE SALES,H-DASHR152,8370,860,48,1406,1405,0,220,7510,0,,2,0.8973,cancelled
4468,21/08/2021,GTM,Male,Malay,55,PRK,HTL,S.UTAMA,Y-Y16ZR,13620,2000,36,6582,3739,1973,420,11620,0.6399,1346.39,8,0.8532,stockout
4469,16/08/2021,GTM,Male,Indian,23,PRK,MNC,SENTOSA,Y-135LC AC,9290,930,36,2350,1976.34,0,302,8360,0.1528,1674.45,5,0.8999,reverted
4470,16/08/2021,GTM,Female,Indian,29,SGR,SRC,SENTOSA,Y-115Z(UE15),7630,770,36,1200,603.2,0,248,6860,0.4107,355.48,4,0.8991,cancelled
4471,16/08/2021,GTM,Female,Indian,46,KDH,MNC,SENTOSA,H-DASHR152,8370,840,48,1426.29,1221.74,0,220,7530,0,,2,0.8996,rejected
4472,16/08/2021,GTM,Male,Indian,32,PNG,SRC,RAWANG,H-RS150R TRICO,11090,1110,48,3529.14,2716.29,0,292,9980,0,,4,0.8999,rejected
4473,16/08/2021,GTM,Male,Malay,25,SGR,SRC,RAWANG,Y-Y15ZR,11710,1690,48,4000,2000,0,293,10020,0,,5,0.8557,rejected
4474,17/08/2021,GTM,Male,Malay,37,KTN,SRC,S.BULOH,H-RS150R TRICO,11090,1110,48,4986,2333,0,292,9980,0,,4,0.8999,rejected
4475,17/08/2021,GTM,Female,Malay,25,SWK,MNC,PANGLIMA,H-DASHR152,8370,840,48,1338,1046,0,220,7530,0.21,826.38,0,0.8996,reverted
4476,17/08/2021,GTM,Male,Malay,37,SBH,SRC,SRI KBGAN,Y-135LC AC,9290,930,48,1200,1685,0,244,8360,0.1447,1441.17,0,0.8999,rejected
4477,17/08/2021,GTM,Male,Malay,20,PRK,SRC,SENTUL,Y-135LC AC,9290,930,48,1500,1307.95,0,244,8360,0,,5,0.8999,reverted
4478,22/08/2021,GTM,Male,Malay,22,SBH,SRC,SS,H-DASHS125,8050,810,48,2020,1303,0,212,7240,0,,0,0.8994,archived
4479,17/08/2021,GTM,Male,Malay,25,KUL,ECOM,SENTUL,Y-135LC AC,9290,930,36,1500,1314.52,0,302,8360,0,,4,0.8999,rejected
4480,17/08/2021,GTM,Female,Malay,34,KUL,MNC,T.PULAI,Y-135LC AC,9290,1000,48,1400,1332,1068,242,8290,0.9833,22.21,7,0.8924,rejected
4481,17/08/2021,GTM,Male,Malay,31,PRK,SRC,SRI KBGAN,H-RS150R TRICO,11090,1110,48,3120,2496,146,292,9980,0.1751,2058.92,6,0.8999,approved
4482,17/08/2021,GTM,Male,Malay,31,SGR,SRC,SRI KBGAN,H-RS150R TRICO,11090,1110,48,4199.06,4140.77,0,292,9980,0,,4,0.8999,rejected
4483,17/08/2021,GTM,Male,Malay,49,JHR,SRC,SA,H-DASHR152,8370,1200,36,3000,2704,201,259,7170,0.1701,2244.08,8,0.8566,stockout
4484,17/08/2021,GTM,Male,Malay,22,SGR,MNC,S.UTAMA,Y-Y15ZR,11710,3190,36,1700,1547,0,308,8520,0,,0,0.7276,reverted
4485,17/08/2021,GTM,Female,Malay,21,JHR,F&B,SENTUL,H-DASHRREPSOL,8570,860,48,1869,1425,0,225,7710,0.1578,1200.13,0,0.8996,rejected
4486,17/08/2021,GTM,Male,Indian,58,PRK,SRC,S.UTAMA,H-DASHR152,8370,840,48,1800,1189,0,220,7530,0,,0,0.8996,rejected
4487,17/08/2021,GTM,Female,Malay,29,KUL,MNC,S.UTAMA,Y-NVXV2,12420,1900,48,1187.5,1187,0,307,10520,0,,0,0.847,cancelled
4488,17/08/2021,GTM,Male,Malay,28,SBH,OTH,ONLINE SALES,H-DASHRREPSOL,8570,880,48,1557,1547,0,225,7690,0,,0,0.8973,reverted
4489,17/08/2021,GTM,Male,Malay,26,JHR,MNC,SA,H-BEAT(ACH110),7520,750,48,3707,3422,405,198,6770,0.1761,2819.54,6,0.9003,archived
4490,27/08/2021,GTM,Female,Malay,18,PJY,OTH,ONLINE SALES,Y-Y15ZR,11710,1690,48,1600,1400,0,293,10020,0.2088,1107.75,5,0.8557,rejected
4491,17/08/2021,GTM,Male,Malay,36,PRK,SRC,S.UTAMA,Y-Y15ZR,11710,1690,48,5414,2946,1001,293,10020,0.439,1652.75,7,0.8557,approved
4492,17/08/2021,GTM,Female,Malay,18,JHR,OTH,K.LAMA,H-EX5NBC,6770,680,36,1700,1553,0,220,6090,0,,0,0.8996,cancelled
4493,17/08/2021,GTM,Male,Chinese,30,SBH,SRC,SRI KBGAN,H-RS150R TRICO,11090,1110,48,3751.32,2940.46,0,292,9980,0,,4,0.8999,rejected
4494,17/08/2021,GTM,Male,Malay,20,PRK,SRC,K.LAMA,H-DASHRREPSOL,8570,1800,24,1281,1254,248,339,6770,0.4677,667.5,6,0.79,stockout
4495,17/08/2021,GTM,Male,Malay,20,PRK,MNC,SA,Y-135LC SE,9740,1160,48,1478,1362,0,251,8580,0.1837,1111.75,0,0.8809,stockout
4496,17/08/2021,GTM,Female,Malay,18,JHR,SRC,K.LAMA,H-EX5NBC,6770,700,36,1700,1533,0,220,6070,0.143,1313.81,0,0.8966,reverted
4498,17/08/2021,GTM,Male,Malay,38,PHG,SRC,MERU,H-ADV150A,14320,1430,48,2000,1800,0,376,12890,0,,4,0.9001,rejected
4499,17/08/2021,GTM,Male,Malay,22,KUL,SRC,MERU,Y-135LC AC,9290,1330,36,1850,1669,0,288,7960,0.1722,1381.56,5,0.8568,approved
4500,17/08/2021,GTM,Male,Others,27,SBH,MNC,MERU,H-WAVEAL,6280,630,24,1750,1700,0,283,5650,0,,0,0.8997,reverted
4501,18/08/2021,GTM,Male,Malay,18,SGR,SRC,MERU,Y-115Z(UE15),7630,770,36,2000,1500,0,248,6860,0.1651,1252.28,5,0.8991,rejected
4502,17/08/2021,GTM,Male,Malay,18,JHR,SRC,MERU,Y-115Z(UE15),7630,770,36,2035,1873,0,248,6860,0.1323,1625.28,0,0.8991,rejected
4503,17/08/2021,GTM,Male,Indian,24,KUL,F&B,MERU,H-RS150RR,12090,1210,48,1615.39,1493.84,0,318,10880,0,,5,0.8999,reverted
4504,18/08/2021,GTM,Male,Indian,31,KDH,SRC,K.LAMA,H-DASHRREPSOL,8570,860,48,1200,1199,0,225,7710,0,,2,0.8996,rejected
4506,23/08/2021,GTM,Male,Malay,24,SGR,F&B,S.UTAMA,Y-115Z(UE15),7630,770,36,1200,1100,0,248,6860,0,,2,0.8991,rejected
4507,23/08/2021,GTM,Male,Malay,42,SGR,SRC,MERU,Y-135LC AC,9290,930,48,1800,1301,0,244,8360,0.1874,1057.17,4,0.8999,approved
4508,18/08/2021,GTM,Male,Malay,48,JHR,SRC,MERU,H-ADV150A,15420,4500,36,10000,7914,28,395,10920,0.0534,7491.67,7,0.7082,approved
4509,18/08/2021,GTM,Male,Malay,22,PRK,MNC,MERU,Y-115Z(UE15),7630,790,36,5000,4000,0,247,6840,0,,0,0.8965,reverted
4510,18/08/2021,GTM,Male,Indian,27,SGR,MNC,MERU,H-DASHRREPSOL,8570,880,36,2000,1650,0,278,7690,0,,3,0.8973,rejected
4511,18/08/2021,GTM,Female,Malay,24,SGR,TRD,MERU,Y-115Z(UE15),7630,770,48,1577,1060,0,201,6860,0.1888,859.92,5,0.8991,approved
4512,18/08/2021,GTM,Female,Malay,50,KTN,HLTH,PANGLIMA,H-WAVEAL,6280,2629,36,7151,5709,3426,132,3651,0.6232,2151.16,6,0.5814,stockout
4514,18/08/2021,GTM,Female,Indian,29,SGR,SRC,SENTOSA,Y-115Z(UE15),7630,770,36,1200,1100,0,248,6860,0,,4,0.8991,cancelled
4515,25/08/2021,GTM,Male,Malay,34,PRK,EDU,PANGLIMA,Y-EGOSO,7320,2330,24,3022,4069,0,250,4990,0.0613,3819.5,5,0.6817,stockout
4516,18/08/2021,GTM,Male,Malay,29,MLK,F&B,R.PANJANG,H-DASHR152,8370,840,48,2200,2000,0,220,7530,0,,0,0.8996,rejected
4517,18/08/2021,GTM,Male,Malay,22,SWK,EDU,SUBANG,H-RS150R TRICO,11090,2810,36,1355,1222,200,299,8280,0.4083,723,7,0.7466,approved
4518,18/08/2021,GTM,Male,Malay,24,SGR,MNC,MERU,H-RS150RR,12090,1210,36,2112.31,1903.26,0,393,10880,0,,7,0.8999,rejected
4519,18/08/2021,GTM,Male,Malay,44,PRK,SRC,SUBANG,H-RS150R TRICO,11090,1110,36,2150,2120,0,361,9980,0,,4,0.8999,rejected
4520,19/08/2021,GTM,Female,Indian,54,SGR,MNC,PANGLIMA,H-WAVEAL,6280,630,48,1299,1043,0,165,5650,0.158,878.21,7,0.8997,rejected
4521,18/08/2021,GTM,Male,Malay,34,PNG,SRC,RAWANG,H-DASHRREPSOL,8570,860,48,1194,1051,0,225,7710,0,,4,0.8996,rejected
4522,18/08/2021,GTM,Male,Malay,54,SGR,SRC,SS,Y-135LC AC,9290,930,36,2700,2384,248,302,8360,0.2307,1834.11,9,0.8999,stockout
4523,18/08/2021,GTM,Male,Malay,24,SGR,OTH,ONLINE SALES,H-DASHR152,8370,860,36,2600,2500,0,272,7510,0.1085,2228.81,5,0.8973,stockout
4524,18/08/2021,GTM,Female,Indian,25,KUL,SALE,PUCHONG,H-DASHRREPSOL,8570,860,36,2915,2573.35,0,279,7710,0,,3,0.8996,rejected
4525,18/08/2021,GTM,Male,Malay,47,PRK,SRC,SRI KBGAN,Y-135LC AC,9290,930,48,3800,3030.11,0,244,8360,0,,4,0.8999,rejected
4526,18/08/2021,GTM,Male,Indian,44,KUL,SRC,RAWANG,H-DASHR152,8370,840,36,1750,1543,839,272,7530,0.72,432.08,9,0.8996,stockout
4527,18/08/2021,GTM,Male,Malay,20,SGR,MNC,PANGLIMA,H-DASHR152,8370,1090,36,1234,1145,0,263,7280,0.2296,882.11,0,0.8698,approved
4528,18/08/2021,GTM,Male,Malay,28,KTN,SRC,SRI KBGAN,Y-135LC AC,9290,2000,24,1496,1353,0,365,7290,0.2694,988.5,0,0.7847,rejected
4529,19/08/2021,GTM,Female,Malay,28,KUL,SRC,SRI KBGAN,H-RS150R TRICO,11090,1110,48,2300,2031,1034,292,9980,0.6524,705.92,6,0.8999,approved
4530,19/08/2021,GTM,Male,Malay,21,KUL,TRD,S.BULOH,H-RS150R TRICO,11090,1130,48,1800,1600,0,291,9960,0,,2,0.8981,rejected
4531,19/08/2021,GTM,Male,Malay,53,PRK,MNC,T.PULAI,H-DASHRREPSOL,8570,880,36,6500,5677,1576,278,7690,0.3265,3823.31,7,0.8973,cancelled
4532,19/08/2021,GTM,Female,Malay,21,SGR,MNC,PANGLIMA,H-DASHRREPSOL,8570,860,48,1400,1300,0,225,7710,0.173,1075.13,0,0.8996,rejected
4534,19/08/2021,GTM,Female,Malay,27,SGR,SRC,RAWANG,H-WAVEAL,6280,630,48,1835,1645.05,0,165,5650,0,,4,0.8997,rejected
4535,20/08/2021,GTM,Male,Malay,37,KUL,SRC,S.BULOH,Y-Y15ZR,11710,1710,48,3097,2403,0,292,10000,0.1214,2111.33,0,0.854,reverted
4536,19/08/2021,GTM,Male,Malay,27,KTN,IT,SUBANG,H-DASHR152,8370,860,36,3660,3239,1168,272,7510,0.4443,1799.81,5,0.8973,stockout
4537,19/08/2021,GTM,Male,Indian,21,SGR,SRC,RAWANG,Y-Y15ZR,12110,1690,48,2000,1800,0,304,10420,0,,0,0.8604,rejected
4538,19/08/2021,GTM,Male,Malay,31,KUL,SRC,RAWANG,H-DASHR152,8370,840,48,2922,2079,0,220,7530,0,,3,0.8996,rejected
4539,19/08/2021,GTM,Female,Malay,23,KDH,MNC,T.PULAI,H-DASHR152,8370,840,48,1675,1478,0,220,7530,0.1486,1258.38,5,0.8996,reverted
4540,20/08/2021,GTM,Female,Malay,33,JHR,SRC,SRI KBGAN,H-RS150R TRICO,11090,1110,48,3000,2800,944,292,9980,0.4411,1564.92,8,0.8999,approved
4541,20/08/2021,GTM,Male,Malay,47,PRK,SRC,SA,H-WAVEALDR,5920,590,48,1643.33,1385.08,0,156,5330,0,,4,0.9003,rejected
4542,20/08/2021,GTM,Female,Malay,22,PRK,F&B,SENTUL,H-WAVES125I,8050,810,48,1338,1157,0,212,7240,0.1825,945.83,0,0.8994,stockout
4543,20/08/2021,GTM,Male,Indian,34,KUL,MNC,SENTOSA,H-DASHR152,8370,840,36,1500,1250,0,272,7530,0.2175,978.08,6,0.8996,approved
4545,20/08/2021,GTM,Male,Malay,27,SBH,OTH,ONLINE SALES,H-WAVER125I,8620,860,48,1446,1196,0,227,7760,0,,1,0.9002,rejected
4546,20/08/2021,GTM,Male,Malay,51,PHG,SRC,K.LAMA,H-DASHR152,8370,840,36,3347,3055,0,272,7530,0,,5,0.8996,rejected
4547,20/08/2021,GTM,Female,Malay,40,KTN,MNC,SENTOSA,H-VARIO150R,9970,1000,36,1600,1100,226,324,8970,0.4999,550.08,7,0.8997,stockout
4548,20/08/2021,GTM,Male,Malay,18,KUL,TRVL,K.SELANGOR,Y-Y15ZR,11710,1700,48,2515.33,2329.48,0,292,10010,0,,0,0.8548,reverted
4550,20/08/2021,GTM,Male,Malay,34,NSN,MNC,SA,Y-135LC SE,9740,1160,48,3800,3289,1738,251,8580,0.6045,1300.75,6,0.8809,stockout
4551,20/08/2021,GTM,Female,Malay,27,JHR,EDU,PUCHONG,H-WAVER125IM,8620,870,48,1200,1169,0,227,7750,0.1934,942.96,0,0.8991,rejected
4552,20/08/2021,GTM,Female,Malay,50,PRK,EDU,S.BULOH,H-RS150R TRICO,11090,1130,48,8248,5150,0,291,9960,0,,1,0.8981,rejected
4553,20/08/2021,GTM,Female,Indian,28,KUL,OTH,K.LAMA,H-WAVER125I,8620,860,36,2192,1979,453,281,7760,0.3705,1245.78,8,0.9002,archived
4554,21/08/2021,GTM,Female,Indian,28,KUL,SRC,K.LAMA,H-WAVEALDR,5920,590,48,2192,1979,0,156,5330,0,,8,0.9003,cancelled
4555,21/08/2021,GTM,Female,Indian,24,SGR,MNC,SENTOSA,Y-135LC AC,9290,930,36,2952,2605.25,0,302,8360,0,,0,0.8999,cancelled
4556,21/08/2021,GTM,Female,Indian,24,SGR,EDU,KAPAR,Y-Y15ZR,11710,1690,48,2300,2006,554,293,10020,0.4219,1159.75,7,0.8557,rejected
4557,21/08/2021,GTM,Male,Malay,45,PRK,SRC,SUBANG,H-DASHRREPSOL,8570,880,36,2854,2520,0,278,7690,0,,6,0.8973,rejected
4558,21/08/2021,GTM,Female,Indian,19,SGR,EDU,KAPAR,Y-Y15ZR,11710,1690,48,1200,1011,0,293,10020,0.2891,718.75,0,0.8557,archived
4559,21/08/2021,GTM,Male,Indian,32,SGR,EDU,KAPAR,H-DASHRREPSOL,8570,860,48,1875.59,1727.64,0,225,7710,0,,4,0.8996,stockout
4560,24/08/2021,GTM,Female,Indian,49,PRK,OTH,K.LAMA,H-WAVEALDR,5920,610,48,1850,1632,690,155,5310,0.5177,787.13,6,0.897,stockout
4561,21/08/2021,GTM,Male,Indian,27,SGR,EDU,KAPAR,Y-Y15ZR,11710,1690,48,1388,1255.55,0,293,10020,0,,0,0.8557,reverted
4562,25/08/2021,GTM,Male,Malay,20,SGR,HR,K.SELANGOR,Y-Y15ZR,11710,2300,36,2000,1800,116,340,9410,0.2532,1344.19,7,0.8036,rejected
4563,25/08/2021,GTM,Male,Malay,34,SGR,OTH,SRI KBGAN,H-DASHR152,8370,840,36,3700,3326,0,272,7530,0.0818,3054.08,0,0.8996,approved
4564,21/08/2021,GTM,Male,Malay,23,KTN,MNC,S.UTAMA,Y-135LC AC,9290,950,36,2000,1966,0,302,8340,0.1532,1664.83,0,0.8977,rejected
4565,23/08/2021,GTM,Male,Malay,48,SGR,MNC,PANGLIMA,H-DASHR152,8370,1389,36,3767,2521.75,114.1,253,6981,0.1452,2155.56,7,0.8341,stockout
4566,22/08/2021,GTM,Male,Malay,31,PHG,SRC,PUCHONG,Y-NVXV2,12420,4000,36,2800,2600,0,305,8420,0.1169,2295.94,5,0.6779,approved
4567,22/08/2021,GTM,Female,Malay,19,SGR,SRC,SENTOSA,Y-135LC AC,9290,1200,36,1200,1100,0,293,8090,0,,0,0.8708,approved
4568,22/08/2021,GTM,Male,Malay,23,PHG,SRC,RAWANG,H-DASHR152,8370,840,36,1300,900,0,272,7530,0,,2,0.8996,rejected
4569,27/08/2021,GTM,Male,Malay,40,SGR,MNC,T.PULAI,H-BEAT(ACH110),7520,750,24,3000,2800,0,339,6770,0,,5,0.9003,rejected
4570,22/08/2021,GTM,Male,Malay,53,SGR,HR,SA,H-EX5NBC110MCDH,7220,720,24,1600,1400,256,325,6500,0.415,819,9,0.9003,archived
4571,22/08/2021,GTM,Female,Malay,33,KDH,HLTH,PUCHONG,H-EX5NBC,6770,680,48,1100.77,968.72,0,178,6090,0,,4,0.8996,rejected
4572,22/08/2021,GTM,Male,Indian,34,KUL,MNC,MERU,Y-Y15ZR,11710,1690,36,2638.25,2538.25,0,362,10020,0,,4,0.8557,rejected
4573,22/08/2021,GTM,Male,Malay,53,SGR,SRC,RAWANG,H-DASHR152,8370,1390,24,2000,1700,0,349,6980,0.2053,1351,0,0.8339,archived
4574,22/08/2021,GTM,Male,Malay,43,SBH,OTH,K.LAMA,H-DASHR152,8370,840,36,1300,1152,0,272,7530,0,,7,0.8996,reverted
4575,22/08/2021,GTM,Female,Malay,29,SGR,MNC,PUCHONG,H-DASHR152,8370,840,48,1250,941.25,0,220,7530,0,,5,0.8996,rejected
4576,22/08/2021,GTM,Male,Indian,23,NSN,MNC,MERU,Y-115Z(UE15),7630,770,36,2200,2100,0,248,6860,0.118,1852.28,4,0.8991,rejected
4577,22/08/2021,GTM,Male,Malay,29,PHG,SALE,SA,Y-EGOAV,7650,770,36,2000,1800,115,249,6880,0.2019,1436.56,8,0.8993,reverted
4578,23/08/2021,GTM,Male,Malay,22,SBH,OTH,T.PULAI,Y-135LC AC,9290,930,48,1937.12,1441.27,0,244,8360,0,,6,0.8999,rejected
4579,23/08/2021,GTM,Female,Indian,46,KUL,SRC,RAWANG,H-DASHR152,8370,840,48,1300,1160,0,220,7530,0.1893,940.38,7,0.8996,reverted
4581,23/08/2021,GTM,Male,Malay,18,KUL,SRC,RAWANG,H-DASHR152,8370,840,48,1400,1300,0,220,7530,0.1689,1080.38,0,0.8996,rejected
4582,23/08/2021,GTM,Female,Malay,21,SGR,HTL,SENTOSA,Y-115Z(UE15),7630,770,24,1600,1541,0,343,6860,0.2226,1198,0,0.8991,rejected
4583,23/08/2021,GTM,Male,Malay,36,KDH,MNC,SENTOSA,H-RS150R TRICO,11090,1110,48,1934.68,1363.63,0,292,9980,0,,4,0.8999,rejected
4584,23/08/2021,GTM,Male,Indian,28,SGR,SRC,SS,Y-135LC AC,9290,930,48,2223,1668,0,244,8360,0,,3,0.8999,rejected
4585,25/08/2021,GTM,Female,Malay,29,JHR,SRC,SUBANG,Y-Y15ZR,11710,1710,48,1800,1700,350,292,10000,0.3775,1058.33,8,0.854,reverted
4586,23/08/2021,GTM,Female,Indian,31,NSN,HLTH,S.UTAMA,Y-135LC AC,9290,930,48,1630,1600,0,244,8360,0,,5,0.8999,cancelled
4587,23/08/2021,GTM,Female,Malay,18,PHG,OTH,ONLINE SALES,Y-135LC AC,9290,930,48,1332.73,1194.28,0,244,8360,0.2042,950.45,0,0.8999,stockout
4588,23/08/2021,GTM,Male,Malay,26,KTN,OTH,ONLINE SALES,Y-Y15ZR,11710,1690,48,1500,1000,0,293,10020,0,,0,0.8557,reverted
4589,23/08/2021,GTM,Female,Malay,23,PRK,SRC,RAWANG,Y-EGOSO,7320,1130,24,1200,1050,0,310,6190,0.2948,740.5,5,0.8456,stockout
4590,23/08/2021,GTM,Female,Indian,31,KUL,SALE,S.UTAMA,Y-135LC AC,9290,950,48,1500,1400,0,244,8340,0,,3,0.8977,rejected
4591,23/08/2021,GTM,Male,Malay,20,SBH,SRC,PUCHONG,H-DASHRREPSOL,8570,860,48,1886,1300,0,225,7710,0.173,1075.13,5,0.8996,rejected
4592,23/08/2021,GTM,Female,Indian,28,KUL,OTH,K.LAMA,H-WAVER125IM,8620,880,36,2192,1979,453,280,7740,0.3701,1246.5,8,0.8979,stockout
4593,23/08/2021,GTM,Female,Malay,31,KUL,OTH,S.UTAMA,H-DASHRREPSOL,8570,860,48,3000,2999,0,225,7710,0,,4,0.8996,rejected
4594,23/08/2021,GTM,Male,Malay,21,SGR,F&B,R.PANJANG,H-RS150RR,12090,1210,48,2000,1300,0,318,10880,0,,2,0.8999,rejected
4595,23/08/2021,GTM,Male,Malay,39,PRK,MNC,KAPAR,H-RS150RR,12090,1210,48,2006,1578,0,318,10880,0,,4,0.8999,rejected
4596,23/08/2021,GTM,Male,Malay,27,SGR,MNC,S.UTAMA,Y-135LC AC,9290,930,36,1100,1000,0,302,8360,0,,3,0.8999,cancelled
4597,23/08/2021,GTM,Male,Malay,21,SBH,SRC,S.UTAMA,H-RS150R TRICO,11090,1130,36,1960,1946,0,360,9960,0,,3,0.8981,rejected
4598,23/08/2021,GTM,Female,Malay,19,PHG,SRC,K.LAMA,Y-135LC AC,9290,950,48,1800,1454,0,244,8340,0.1673,1210.75,0,0.8977,rejected
4599,23/08/2021,GTM,Female,Indian,21,SGR,SRC,K.LAMA,Y-Y15ZR,11710,1710,36,1918.46,1523.81,0,362,10000,0,,0,0.854,rejected
4600,23/08/2021,GTM,Female,Malay,34,NSN,SRC,PUCHONG,Y-135LC AC,9290,930,36,1860,1684,301,302,8360,0.358,1081.11,7,0.8999,stockout
4601,23/08/2021,GTM,Female,Malay,31,KUL,SRC,PUCHONG,Y-135LC AC,9290,930,48,1642,1053,0,244,8360,0.2316,809.17,0,0.8999,approved
4602,23/08/2021,GTM,Male,Malay,22,PRK,SRC,SUBANG,Y-135LC AC,9290,930,36,2000,1600,0,302,8360,0.1887,1298.11,0,0.8999,approved
4603,24/08/2021,GTM,Male,Malay,26,SGR,SRC,SUBANG,H-DASHR152,8370,840,36,1876.9,1763.15,0,272,7530,0,,3,0.8996,rejected
4604,24/08/2021,GTM,Female,Malay,24,KUL,SRC,K.LAMA,Y-115Z(UE15),7630,790,48,1874,1694,0,200,6840,0.1178,1494.5,0,0.8965,approved
4605,24/08/2021,GTM,Female,Malay,18,JHR,TRD,SENTUL,H-DASHR152,8370,840,48,1800,1600,0,220,7530,0.1373,1380.38,0,0.8996,rejected
4606,24/08/2021,TRC,Female,Malay,47,TRG,EDU,CHERAS,Y-135LC AC,9770,1000,48,8703,6177,3206,256,8770,0.5604,2715.21,8,0.8976,archived
4607,24/08/2021,GTM,Female,Malay,55,PRK,EDU,S.BULOH,Y-Y15ZR,11710,1710,24,11720,4080,3654,500,10000,1.0181,-74,7,0.854,rejected
4608,24/08/2021,GTM,Female,Indian,23,SGR,SALE,SS,H-BEAT(ACH110),7520,3000,36,1422,1277,0,164,4520,0.1278,1113.78,0,0.6011,approved
4609,24/08/2021,GTM,Female,Malay,19,SGR,MNC,PANGLIMA,Y-115Z(UE15),7630,790,36,1417.44,1239.27,0,247,6840,0,,0,0.8965,reverted
4610,24/08/2021,GTM,Female,Malay,22,PRK,MNC,ONLINE SALES,Y-EGOSO,7320,730,36,1312.5,1247.9,0,238,6590,0,,3,0.9003,rejected
4611,24/08/2021,GTM,Male,Malay,22,SBH,SRC,SS,H-DASHR152,8370,840,48,2000,1600,0,220,7530,0.1373,1380.38,0,0.8996,stockout
4613,24/08/2021,GTM,Female,Malay,18,SGR,MNC,KAPAR,H-DASHR152,8370,840,48,1384,1250,0,220,7530,0,,0,0.8996,rejected
4614,24/08/2021,GTM,Male,Malay,25,SGR,SRC,SS,Y-135LC AC,9290,930,36,2400,2000,0,302,8360,0,,4,0.8999,rejected
4615,24/08/2021,GTM,Male,Malay,27,KUL,ECOM,SENTUL,Y-Y15ZR,11710,1690,48,3000,2522.4,0,293,10020,0,,4,0.8557,rejected
4616,24/08/2021,GTM,Male,Malay,53,SGR,SRC,RAWANG,H-WAVEAL,6280,930,24,2000,1700,0,268,5350,0.1574,1432.5,0,0.8519,stockout
4617,24/08/2021,GTM,Female,Malay,19,SBH,TRD,PANGLIMA,H-DASHR152,8370,840,48,1200,1100,413,220,7530,0.5751,467.38,6,0.8996,reverted
4618,24/08/2021,GTM,Male,Malay,36,KTN,OTH,SS,Y-Y15ZR,11710,1690,36,3500,3100,468.6,362,10020,0.2679,2269.57,7,0.8557,stockout
4619,24/08/2021,GTM,Female,Indian,42,PNG,SRC,K.LAMA,H-WAVER125IM,8620,880,48,1470,1352,0,226,7740,0,,4,0.8979,rejected
4620,28/08/2021,GTM,Female,Chinese,23,KTN,OTH,ONLINE SALES,Y-135LC AC,9290,930,36,1500,1372,0,302,8360,0.22,1070.11,0,0.8999,approved
4621,24/08/2021,GTM,Male,Malay,54,JHR,SRC,RAWANG,H-WAVEAL,6280,1200,48,6497,4161,0,149,5080,0,,7,0.8089,cancelled
4622,24/08/2021,GTM,Male,Malay,20,KTN,SRC,SENTOSA,Y-Y15ZR,11710,1690,48,1863,1563,0,293,10020,0.187,1270.75,0,0.8557,reverted
4623,24/08/2021,GTM,Male,Malay,26,SBH,SRC,SRI KBGAN,H-RS150R TRICO,11090,1110,48,1750,1352.75,0,292,9980,0,,3,0.8999,rejected
4624,24/08/2021,GTM,Male,Indian,41,NSN,MNC,SUBANG,H-WAVEAL,6280,630,36,3500,3100,2348,205,5650,0.8232,547.97,5,0.8997,rejected
4625,24/08/2021,GTM,Female,Malay,30,PHG,F&B,S.BULOH,Y-Y15ZR,11710,1710,48,1300,1147,428,292,10000,0.6274,427.33,8,0.854,stockout
4626,24/08/2021,GTM,Female,Malay,21,JHR,HLTH,R.PANJANG,H-DASHRREPSOL,8570,860,36,2168,1993,0,279,7710,0.1397,1714.58,0,0.8996,rejected
4627,24/08/2021,GTM,Male,Malay,54,JHR,SRC,RAWANG,H-WAVEAL,6280,1200,48,6497,4161,1326,149,5080,0.3543,2686.83,7,0.8089,stockout
4629,24/08/2021,GTM,Male,Malay,28,SBH,OTH,ONLINE SALES,Y-Y15ZR,11710,1690,48,1980,1742,0,293,10020,0.1678,1449.75,5,0.8557,stockout
4630,24/08/2021,GTM,Male,Malay,25,PRK,MNC,SS,Y-Y15ZR,11710,1690,36,2000,1800,489,362,10020,0.4727,949.17,7,0.8557,stockout
4631,24/08/2021,GTM,Male,Malay,25,KTN,MNC,SA,Y-Y16ZR,13620,2270,48,3850,3348,518,332,11350,0.2536,2498.96,6,0.8333,stockout
4632,25/08/2021,TRC,Male,Malay,22,KUL,OTH,CHERAS,Y-YZFR15,15150,1520,48,1450,1150,0,398,13630,0.3457,752.46,0,0.8997,archived
4633,24/08/2021,GTM,Male,Malay,24,SGR,SRC,RAWANG,Y-Y15ZR,11710,1690,48,1800,1638,0,293,10020,0,,3,0.8557,rejected
4634,24/08/2021,GTM,Male,Malay,20,KDH,GIG,SS,Y-Y15ZR,11710,1690,36,2308,2050,0,362,10020,0,,0,0.8557,reverted
4635,24/08/2021,TRC,Female,Malay,47,TRG,EDU,CHERAS,Y-135LC AC,9770,1000,36,8703,6177,3206,317,8770,0.5703,2654.31,8,0.8976,stockout
4636,24/08/2021,GTM,Male,Malay,20,SGR,SRC,RAWANG,Y-YZFR15,15070,1510,48,2029.4,1805.65,0,396,13560,0.219,1410.15,0,0.8998,archived
4637,24/08/2021,GTM,Male,Malay,39,PHG,OTH,SS,Y-Y16ZR,13620,2000,36,2112,1429,601,420,11620,0.7142,408.39,7,0.8532,stockout
4638,25/08/2021,GTM,Female,Malay,27,TRG,OTH,ONLINE SALES,Y-EGOSO,7320,730,36,1712,1516,0,238,6590,0.157,1278.03,5,0.9003,approved
4639,24/08/2021,GTM,Male,Malay,18,KDH,SRC,SS,Y-Y15ZR,11710,1690,36,1020,903.35,0,362,10020,0.4005,541.52,0,0.8557,stockout
4640,24/08/2021,GTM,Male,Malay,24,SWK,MNC,MERU,Y-135LC AC,9290,930,36,6571,6182,493,302,8360,0.1286,5387.11,8,0.8999,approved
4641,24/08/2021,GTM,Female,Malay,23,SGR,MNC,MERU,Y-135LC AC,9290,930,48,2200,2000,126,244,8360,0.1849,1630.17,4,0.8999,stockout
4642,24/08/2021,GTM,Male,Malay,18,SGR,OTH,SS,Y-115Z(UE15),7630,770,24,1527,1342,0,343,6860,0,,0,0.8991,cancelled
4644,24/08/2021,GTM,Male,Malay,25,KUL,ECOM,SENTUL,Y-135LC AC,9290,930,48,2300,2248.3,0,244,8360,0,,3,0.8999,rejected
4645,24/08/2021,GTM,Male,Others,31,SWK,BUID,SUBANG,H-DASHR152,8370,860,48,2000,1891,0,220,7510,0,,4,0.8973,rejected
4646,25/08/2021,GTM,Male,Malay,38,SWK,BUID,SUBANG,H-DASHRREPSOL,8570,880,36,1815,1795,0,278,7690,0.1547,1517.31,0,0.8973,rejected
4647,25/08/2021,GTM,Male,Malay,24,SGR,SRC,RAWANG,Y-Y15ZR,11710,1690,48,1800,1638,0,293,10020,0,,3,0.8557,cancelled
4648,25/08/2021,GTM,Male,Malay,38,KTN,MNC,SA,Y-Y15ZR,11710,1690,36,3350,3031,0,362,10020,0.1194,2669.17,0,0.8557,stockout
4649,25/08/2021,GTM,Male,Indian,19,SGR,MNC,SENTOSA,Y-Y16ZR,13620,2000,36,1292.3,1246.15,0,420,11620,0,,0,0.8532,rejected
4650,25/08/2021,GTM,Male,Malay,53,SGR,HR,SA,H-WAVES125I,8050,810,24,1600,1400,256,362,7240,0.4414,782,9,0.8994,stockout
4651,25/08/2021,GTM,Male,Malay,34,KUL,OTH,SS,Y-135LC AC,9290,930,48,7000,6102,2320,244,8360,0.4202,3538.17,7,0.8999,stockout
4652,25/08/2021,GTM,Male,Malay,18,SWK,SRC,SENTOSA,Y-115Z(UE15),7630,770,36,1600,1344,0,248,6860,0.1843,1096.28,0,0.8991,rejected
4653,25/08/2021,GTM,Male,Malay,21,KUL,TRD,SENTUL,H-DASHR152,8370,840,48,1481.25,1363.1,0,220,7530,0,,3,0.8996,rejected
4654,25/08/2021,GTM,Male,Malay,19,SGR,OTH,SS,Y-115Z(UE15),7630,770,24,1400,1200,0,343,6860,0.2858,857,0,0.8991,rejected
4655,25/08/2021,GTM,Male,Malay,32,KUL,SRC,K.LAMA,Y-135LC AC,9290,950,48,5000,4392,0,244,8340,0,,6,0.8977,rejected
4656,25/08/2021,GTM,Male,Malay,20,SGR,SRC,RAWANG,Y-YZFR15,15070,6000,48,2029.4,1805.65,0,265,9070,0.1465,1541.11,0,0.6019,stockout
4657,25/08/2021,GTM,Male,Malay,24,SGR,SRC,RAWANG,Y-Y15ZR,11710,1690,48,1800,1638,0,293,10020,0.1784,1345.75,3,0.8557,stockout
4658,25/08/2021,GTM,Female,Malay,19,SWK,SRC,ONLINE SALES,H-WAVEAL,6280,730,24,1300,1200,0,278,5550,0,,0,0.8838,rejected
4659,25/08/2021,GTM,Male,Indian,19,SGR,SRC,SENTOSA,Y-115Z(UE15),7630,770,36,1562.2,1434.35,0,248,6860,0,,0,0.8991,rejected
4660,25/08/2021,GTM,Female,Malay,58,PRK,SRC,ONLINE SALES,Y-Y15ZR,11710,1690,48,1686,1486,0,293,10020,0.1967,1193.75,0,0.8557,archived
4662,30/08/2021,GTM,Male,Malay,32,TRG,SRC,SENTUL,Y-Y16ZR,13620,2000,48,3807,2549.42,0,339,11620,0,,4,0.8532,rejected
4663,27/08/2021,GTM,Male,Indian,33,SGR,SRC,SENTOSA,Y-135LC AC,9290,1000,36,6921.36,6054.36,2027.5,300,8290,0.3843,3727.5,5,0.8924,approved
4664,25/08/2021,GTM,Male,Malay,20,PRK,MNC,MERU,Y-135LC AC,9290,950,36,1751,1300,0,302,8340,0.2317,998.83,0,0.8977,approved
4665,25/08/2021,GTM,Male,Malay,49,SGR,MNC,KAPAR,Y-Y15ZR,11710,1690,48,4845,4258.1,2774,293,10020,0.7201,1191.85,8,0.8557,cancelled
4666,25/08/2021,GTM,Female,Malay,23,PHG,GOODS,S.UTAMA,Y-115Z(UE15),7630,770,48,1080,974,159,201,6860,0.3687,614.92,7,0.8991,approved
4667,25/08/2021,GTM,Female,Indian,36,NSN,SRC,K.LAMA,Y-Y15ZR,11710,1690,36,1540.89,1376.04,224,362,10020,0.4257,790.21,7,0.8557,rejected
4668,25/08/2021,GTM,Male,Malay,25,PRK,F&B,S.UTAMA,Y-Y16ZR,13620,2020,48,2226.54,2020.49,0,339,11600,0,,5,0.8517,rejected
4669,25/08/2021,GTM,Female,Malay,20,KTN,TRD,PUCHONG,Y-Y15ZR,11710,1690,48,1830.24,1679.47,192,293,10020,0.2883,1195.22,6,0.8557,stockout
4670,25/08/2021,GTM,Male,Malay,20,KTN,MNC,MERU,Y-Y15ZR,11710,1690,48,1500,1250,0,293,10020,0.2338,957.75,0,0.8557,stockout
4671,25/08/2021,GTM,Female,Malay,21,SGR,F&B,T.PULAI,Y-115Z(UE15),7630,770,36,1400,1250,0,248,6860,0.1982,1002.28,5,0.8991,stockout
4672,28/08/2021,GTM,Female,Malay,46,PRK,SRC,PUCHONG,Y-Y15ZR,11710,1690,48,1280,1139.95,0,293,10020,0.2564,847.7,7,0.8557,stockout
4673,26/08/2021,GTM,Male,Malay,27,SBH,SRC,MERU,H-DASHRREPSOL,8570,860,36,2008.7,1516.45,0,279,7710,0.1836,1238.03,4,0.8996,rejected
4674,25/08/2021,GTM,Female,Malay,25,NSN,SRC,K.LAMA,Y-EGOSO,7320,750,36,1478.43,1359.58,0,238,6570,0.1745,1122.33,0,0.8975,stockout
4675,25/08/2021,GTM,Male,Malay,20,NSN,F&B,SRI KBGAN,Y-Y15ZR,11710,1690,48,1550,1400,0,293,10020,0.2088,1107.75,0,0.8557,rejected
4676,27/08/2021,GTM,Female,Indian,47,SGR,SRC,KAPAR,H-WAVEALDR,5920,590,48,1500,1400,0,156,5330,0.111,1244.54,0,0.9003,rejected
4677,25/08/2021,GTM,Male,Malay,34,SBH,F&B,SRI KBGAN,Y-EGOAV,7650,770,48,1392,1200,0,201,6880,0.1672,999.33,0,0.8993,rejected
4679,27/08/2021,GTM,Male,Indian,56,SGR,GOODS,K.SELANGOR,Y-Y15ZR,11710,1690,48,2000,1600,0,293,10020,0.1827,1307.75,8,0.8557,approved
4680,25/08/2021,GTM,Male,Malay,44,SGR,MNC,SA,Y-EGOAV,7650,770,24,5800,5100,1965,344,6880,0.4527,2791,6,0.8993,archived
4681,25/08/2021,GTM,Male,Indian,20,SGR,MNC,SENTOSA,Y-115Z(UE15),7630,770,48,1200,1086.25,457,201,6860,0.6049,429.17,6,0.8991,approved
4682,30/08/2021,GTM,Male,Malay,25,SGR,SRC,K.LAMA,Y-115Z(UE15),7630,790,48,2516.3,2148.01,0,200,6840,0.0929,1948.51,0,0.8965,approved
4683,26/08/2021,GTM,Female,Malay,21,KUL,SRC,K.LAMA,Y-Y15ZR,11710,1710,24,1300,1183,0,500,10000,0.4227,683,0,0.854,archived
4684,25/08/2021,GTM,Female,Indian,40,NSN,MNC,SS,H-WAVER125IM,8620,880,48,2000,1900,0,226,7740,0,,4,0.8979,rejected
4685,25/08/2021,GTM,Male,Indian,31,SGR,MNC,SENTOSA,Y-135LC AC,9290,1000,36,2600,1866,0,300,8290,0,,2,0.8924,rejected
4686,25/08/2021,GTM,Female,Malay,48,NSN,MNC,SS,Y-135LC AC,9290,2330,36,3659.41,1901.1,683,252,6960,0.4915,966.77,6,0.7492,stockout
4687,25/08/2021,GTM,Female,Malay,54,SGR,ENGI,PUCHONG,Y-Y16ZR,13620,2000,48,5140.86,3919.23,0,339,11620,0.0865,3580.31,7,0.8532,approved
4688,25/08/2021,GTM,Male,Malay,23,JHR,SRC,SUBANG,H-VARIO150,9770,1000,48,1750,1440,0,256,8770,0,,3,0.8976,rejected
4689,28/08/2021,GTM,Female,Malay,19,KTN,SRC,SUBANG,H-DASHR152,8370,840,48,1700,1594,0,220,7530,0,,0,0.8996,cancelled
4690,25/08/2021,GTM,Female,Malay,21,KTN,SRC,SUBANG,Y-135LC AC,9290,950,36,1910,1750,0,302,8340,0,,2,0.8977,rejected
4691,30/08/2021,GTM,Male,Malay,31,TRG,TRD,PUCHONG,Y-135LC AC,9290,930,48,2800,2500,875,244,8360,0.4475,1381.17,7,0.8999,approved
4692,25/08/2021,GTM,Male,Malay,24,SGR,MNC,PANGLIMA,Y-115Z(UE15),7630,1371,48,2200,1700,0,183,6259,0,,3,0.8203,rejected
4693,25/08/2021,TRC,Male,Malay,22,KUL,OTH,CHERAS,Y-YZFR15,15150,2000,48,1450,1150,0,384,13150,0.3335,766.46,0,0.868,stockout
4694,25/08/2021,GTM,Female,Malay,41,SGR,GOODS,PUCHONG,Y-NMAX,11520,1150,36,3200,2800,639,375,10370,0.362,1786.53,8,0.9002,approved
4695,25/08/2021,GTM,Male,Malay,37,KUL,MASS,PANGLIMA,H-BEAT(ACH110),7520,750,48,4000,3500,0,198,6770,0,,5,0.9003,rejected
4697,25/08/2021,GTM,Male,Malay,44,SGR,MNC,SA,Y-EGOAV,7650,3650,24,5800,5100,1965,200,4000,0.4245,2935,6,0.5229,stockout
4698,26/08/2021,GTM,Male,Malay,47,SGR,OTH,ONLINE SALES,Y-135LC AC,9290,930,48,3000,2489,826,244,8360,0.4298,1419.17,8,0.8999,approved
4699,26/08/2021,GTM,Female,Malay,24,SGR,MNC,S.UTAMA,H-RS150R TRICO,11090,1110,48,1903,1685,0,292,9980,0.1727,1393.92,5,0.8999,approved
4700,26/08/2021,GTM,Male,Malay,26,JHR,MNC,SA,Y-Y15ZR,11710,1690,48,3707,3422,405,293,10020,0.2038,2724.75,6,0.8557,approved
4701,26/08/2021,GTM,Female,Malay,27,KDH,IT,SUBANG,Y-NVXABS,14420,2420,48,2100,1900,868,350,12000,0.6411,682,4,0.8322,approved
4702,26/08/2021,GTM,Male,Malay,37,SBH,SRC,SS,Y-Y15ZR,11710,3000,36,2642,2469,0,315,8710,0.1274,2154.47,7,0.7438,stockout
4703,30/08/2021,GTM,Male,Malay,31,PNG,OTH,ONLINE SALES,Y-NVXV2,12420,2400,48,10381.93,8305.54,7104.65,293,10020,0.8906,908.64,7,0.8068,archived
4706,26/08/2021,GTM,Male,Malay,31,NSN,SRC,SUBANG,H-RS150R TRICO,11090,1130,48,3677,3424,1085,291,9960,0.4017,2048.5,6,0.8981,stockout
4708,26/08/2021,GTM,Female,Malay,32,KUL,F&B,SENTUL,H-RS150R TRICO,11090,1110,48,3026,2420.8,0,292,9980,0.1202,2129.72,6,0.8999,stockout
4709,26/08/2021,GTM,Female,Malay,21,NSN,SALE,SENTUL,Y-135LC AC,9290,930,24,1695,1356,0,418,8360,0.3083,938,0,0.8999,approved
4710,26/08/2021,GTM,Female,Indian,21,SGR,TRD,SUBANG,H-RS150R TRICO,11090,1130,48,1800,1450,238,291,9960,0.3645,921.5,7,0.8981,approved
4711,26/08/2021,GTM,Male,Malay,32,JHR,SRC,SA,H-VARIO150,9770,1380,24,7992,6650,2491,420,8390,0.4377,3739.5,7,0.8588,rejected
4712,26/08/2021,GTM,Female,Malay,30,PRK,BKFN,SUBANG,H-RS150R TRICO,11090,1130,36,1650,1520,0,360,9960,0.2366,1160.33,6,0.8981,archived
4713,27/08/2021,GTM,Male,Malay,27,SGR,OTH,S.UTAMA,Y-135LC AC,9290,930,36,1300.98,1040.79,0,302,8360,0.2901,738.9,5,0.8999,approved
4715,26/08/2021,GTM,Male,Malay,19,SGR,SRC,SENTOSA,Y-135LC AC,9290,960,36,1450,1259,0,301,8330,0.2389,958.19,0,0.8967,approved
4716,26/08/2021,GTM,Male,Malay,37,PRK,OTH,SENTOSA,H-RS150R TRICO,11090,1110,48,3491.42,2659.93,0,292,9980,0,,1,0.8999,rejected
4717,26/08/2021,GTM,Male,Malay,36,KTN,SRC,SA,Y-Y15ZR,11710,1690,36,2445,2317,0,362,10020,0.1562,1955.17,7,0.8557,stockout
4718,26/08/2021,GTM,Female,Malay,50,SGR,SRC,ONLINE SALES,Y-135LC AC,9290,930,48,1500,1336,711,244,8360,0.7147,381.17,7,0.8999,rejected
4719,26/08/2021,GTM,Male,Indian,35,PRK,SRC,MERU,Y-135LC AC,9290,1330,36,3000,2800,0,288,7960,0,,0,0.8568,rejected
4720,29/08/2021,GTM,Female,Malay,20,PRK,GIG,SUBANG,Y-Y15ZR,11710,1710,36,2500,2300,0,362,10000,0,,5,0.854,cancelled
4721,26/08/2021,GTM,Male,Malay,18,SGR,MNC,MERU,Y-115Z(UE15),7630,770,48,2219.03,1398.04,0,201,6860,0,,5,0.8991,cancelled
4722,26/08/2021,GTM,Male,Malay,27,JHR,GIG,ONLINE SALES,Y-135LC AC,9290,950,36,3674,3673,0,302,8340,0,,4,0.8977,rejected
4723,26/08/2021,GTM,Male,Malay,25,KDH,MNC,R.PANJANG,Y-Y15ZR,11710,1690,36,2275.77,1704.12,781.65,362,10020,0.671,560.64,6,0.8557,stockout
4725,26/08/2021,GTM,Male,Malay,19,SGR,TRD,S.BULOH,Y-115Z(UE15),7630,790,24,1550,1450,0,342,6840,0.2359,1108,5,0.8965,rejected
4726,26/08/2021,GTM,Male,Indian,51,PRK,OTH,ONLINE SALES,Y-Y15ZR,11710,1690,36,2980,2641,757,362,10020,0.4236,1522.17,7,0.8557,rejected
4727,26/08/2021,GTM,Female,Indian,43,KUL,TRD,PUCHONG,Y-Y15ZR,11710,1690,36,4040,3567,1191,362,10020,0.4353,2014.17,5,0.8557,stockout
4728,26/08/2021,GTM,Male,Malay,31,SGR,OTH,S.UTAMA,Y-NVXABS,14420,2400,24,2286.5,1494.5,362,601,12020,0.6444,531.5,5,0.8336,approved
4729,26/08/2021,GTM,Male,Malay,36,SGR,OTH,SS,Y-135LC AC,9290,930,48,2208,1988,0,244,8360,0.1227,1744.17,7,0.8999,stockout
4730,26/08/2021,GTM,Male,Malay,34,SGR,MNC,MERU,H-RS150R TRICO,11090,1230,48,1500,1324.15,0,288,9860,0.2172,1036.57,6,0.8891,stockout
4731,26/08/2021,GTM,Male,Malay,34,KTN,OTH,SS,Y-Y15ZR,11710,1690,48,2385,1888,0,293,10020,0,,4,0.8557,rejected
4732,26/08/2021,GTM,Male,Malay,34,PHG,SRC,SS,Y-135LC AC,9290,930,48,4122,1935,0,244,8360,0.126,1691.17,5,0.8999,approved
4733,30/08/2021,GTM,Male,Malay,20,SGR,SRC,SS,Y-Y15ZR,11710,1690,48,2300,2150,0,293,10020,0.1359,1857.75,0,0.8557,stockout
4734,26/08/2021,GTM,Male,Malay,19,KTN,MNC,SENTOSA,H-RS150R TRICO,11090,1150,36,1340,1182,0,359,9940,0.3037,823.06,0,0.8963,stockout
4735,26/08/2021,GTM,Male,Malay,18,KTN,F&B,PUCHONG,Y-Y15ZR,11710,1690,48,2551,2550,0,293,10020,0,,0,0.8557,rejected
4736,26/08/2021,GTM,Male,Chinese,26,SGR,MNC,SA,Y-135LC AC,9290,930,48,2150,1720,0,244,8360,0.1418,1476.17,5,0.8999,approved
4738,30/08/2021,GTM,Male,Malay,36,PRK,SRC,S.UTAMA,Y-Y15ZR,11710,5490,36,6099,5562,1999,225,6220,0.3998,3338.39,5,0.5312,stockout
4739,29/08/2021,GTM,Female,Malay,36,KTN,HR,SUBANG,Y-135LC AC,9290,950,36,3200,2825.95,1103,302,8340,0.4969,1421.78,7,0.8977,approved
4740,26/08/2021,GTM,Male,Malay,27,SGR,MNC,SENTOSA,Y-115Z(UE15),7630,770,48,1200,1093.65,0,201,6860,0.183,893.57,0,0.8991,reverted
4742,30/08/2021,GTM,Female,Malay,37,KUL,BUID,SUBANG,Y-Y15ZR,11710,1710,36,1750,1543,250,362,10000,0.3961,931.89,8,0.854,stockout
4743,26/08/2021,GTM,Female,Malay,19,SGR,F&B,S.BULOH,Y-135LC AC,9290,950,48,1716,1590,0,244,8340,0.153,1346.75,0,0.8977,rejected
4744,26/08/2021,GTM,Male,Malay,27,PRK,MNC,S.UTAMA,Y-Y15ZR,11710,1690,48,2923,2679,770,293,10020,0.3965,1616.75,5,0.8557,stockout
4745,26/08/2021,GTM,Male,Malay,18,SGR,SRC,ONLINE SALES,Y-135LC AC,9290,930,36,1800,1500,0,302,8360,0.2013,1198.11,5,0.8999,rejected
4747,26/08/2021,GTM,Male,Malay,21,SBH,HLTH,S.UTAMA,Y-Y15ZR,11710,1690,48,2905,2621,250,293,10020,0.2069,2078.75,6,0.8557,stockout
4748,26/08/2021,GTM,Male,Malay,21,SGR,MNC,S.BULOH,Y-135LC AC,9290,950,48,1500,1323,364,244,8340,0.459,715.75,8,0.8977,approved
4749,26/08/2021,GTM,Male,Malay,28,PRK,SRC,K.LAMA,Y-115Z(UE15),7630,790,36,2100,1606.3,574,247,6840,0.5111,785.3,7,0.8965,stockout
4750,26/08/2021,GTM,Male,Malay,24,SGR,GIG,K.LAMA,Y-135LC AC,9290,950,36,1279.47,1200,0,302,8340,0,,0,0.8977,cancelled
4751,27/08/2021,GTM,Male,Malay,23,SBH,SRC,SS,Y-Y15ZR,11710,1690,48,1623,1271,0,293,10020,0.2299,978.75,5,0.8557,rejected
4752,26/08/2021,GTM,Female,Malay,47,SGR,SRC,K.LAMA,Y-135LC AC,9290,950,36,3581,3160.15,0,302,8340,0,,5,0.8977,rejected
4753,26/08/2021,GTM,Male,Malay,20,KDH,MNC,S.UTAMA,Y-EGOSO,7320,730,48,1900,1750,0,193,6590,0.1098,1557.79,0,0.9003,archived
4754,26/08/2021,GTM,Male,Malay,25,KDH,SRC,K.LAMA,Y-115Z(UE15),7630,790,36,1884.03,1650.78,0,247,6840,0.1496,1403.78,0,0.8965,approved
4755,30/08/2021,GTM,Female,Indian,19,SGR,EDU,KAPAR,Y-Y16ZR,13620,2000,36,1725,1410,0,420,11620,0.2976,990.39,0,0.8532,cancelled
4756,26/08/2021,GTM,Male,Indian,22,PRK,SRC,ONLINE SALES,Y-135LC AC,9290,930,48,1360,1285.42,0,244,8360,0,,0,0.8999,rejected
4757,26/08/2021,GTM,Male,Indian,42,SGR,MNC,SA,H-BEAT(ACH110),7520,750,24,3762,3319,1389,339,6770,0.5205,1591.5,5,0.9003,approved
4758,26/08/2021,GTM,Female,Malay,58,PRK,SRC,ONLINE SALES,Y-Y15ZR,11710,1690,48,1686,1486,0,293,10020,0.1967,1193.75,0,0.8557,approved
4759,26/08/2021,GTM,Male,Malay,27,JHR,MNC,SA,Y-Y15ZR,11710,1690,48,2000,1556,59,293,10020,0.2257,1204.75,6,0.8557,cancelled
4760,26/08/2021,GTM,Male,Malay,27,JHR,MNC,SA,Y-Y15ZR,11710,1690,48,19938,1642,59,293,10020,0.2139,1290.75,6,0.8557,stockout
4761,27/08/2021,GTM,Male,Malay,20,PHG,GIG,ONLINE SALES,Y-Y15ZR,11710,1710,48,1186,1185,0,292,10000,0,,5,0.854,rejected
4762,27/08/2021,GTM,Male,Malay,29,SGR,SRC,RAWANG,Y-115Z(UE15),7630,770,36,2617,1801,1008,248,6860,0.6972,545.28,6,0.8991,reverted
4763,30/08/2021,GTM,Female,Malay,20,SGR,HLTH,R.PANJANG,Y-115Z(UE15),7630,770,36,2000,1929,0,248,6860,0.1284,1681.28,0,0.8991,rejected
4764,27/08/2021,GTM,Male,Malay,32,TRG,SRC,K.LAMA,H-BEAT(ACH110),7520,750,48,1200,1059,0,198,6770,0,,0,0.9003,rejected
4765,27/08/2021,GTM,Male,Malay,40,KUL,MNC,S.UTAMA,Y-Y15ZR,11710,2490,36,2040,1800,0,333,9220,0.185,1467.06,7,0.7874,approved
4767,27/08/2021,GTM,Female,Malay,20,PRK,SRC,ONLINE SALES,Y-135LC AC,9290,930,48,1500,1429,0,244,8360,0.1706,1185.17,0,0.8999,approved
4768,27/08/2021,GTM,Male,Malay,21,KTN,MNC,S.UTAMA,Y-Y15ZR,11710,1690,36,1200,1085,0,362,10020,0.3335,723.17,5,0.8557,approved
4769,27/08/2021,GTM,Female,Indian,22,SGR,MNC,SENTOSA,Y-NVXABS,14420,2400,36,3200,2900,0,435,12020,0.1497,2465.94,0,0.8336,approved
4770,28/08/2021,GTM,Female,Malay,25,KUL,SRC,PUCHONG,Y-135LC AC,9290,930,36,1300,1128.25,157,302,8360,0.4067,669.36,6,0.8999,rejected
4771,29/08/2021,GTM,Male,Indian,23,SGR,OTH,SS,Y-Y15ZR,11710,1690,36,3260,2943.25,821.65,362,10020,0.4021,1759.77,2,0.8557,stockout
4772,30/08/2021,GTM,Male,Malay,34,KTN,OTH,ONLINE SALES,Y-Y15ZR,11710,5190,24,2946.04,2356.83,0,326,6520,0.1383,2030.83,0,0.5568,approved
4774,27/08/2021,GTM,Female,Malay,25,TRG,TRD,ONLINE SALES,Y-135LC AC,9290,930,48,1300,1083,0,244,8360,0.2251,839.17,5,0.8999,rejected
4775,27/08/2021,GTM,Male,Malay,30,SGR,BUID,K.SELANGOR,Y-Y15ZR,11710,1690,48,1250,1180,0,293,10020,0.2477,887.75,5,0.8557,approved
4776,27/08/2021,GTM,Female,Malay,26,KUL,SRC,SS,H-RS150R TRICO,11090,1110,48,2000,1900,0,292,9980,0,,3,0.8999,rejected
4777,27/08/2021,GTM,Male,Malay,24,KUL,SRC,PUCHONG,H-WAVER125I,8620,860,48,1800,1600,0,227,7760,0,,4,0.9002,rejected
4778,27/08/2021,GTM,Male,Malay,59,SGR,EDU,S.BULOH,H-DASHR152,8370,860,48,7320,4143,3929,220,7510,1.0012,-5.04,4,0.8973,rejected
4779,27/08/2021,GTM,Female,Malay,20,PHG,SRC,S.UTAMA,Y-135LC AC,9290,930,48,2083,1186,0,244,8360,0.2056,942.17,0,0.8999,rejected
4780,27/08/2021,GTM,Male,Malay,22,KUL,HR,K.SELANGOR,Y-Y15ZR,11710,1690,36,1400,1193,194,362,10020,0.4659,637.17,7,0.8557,approved
4781,27/08/2021,GTM,Male,Malay,38,KUL,SRC,SS,Y-135LC AC,9290,930,48,2500,2000,0,244,8360,0,,3,0.8999,rejected
4782,30/08/2021,GTM,Male,Malay,20,PRK,MNC,S.UTAMA,Y-135LC AC,9290,930,48,1650,1450,168,244,8360,0.284,1038.17,7,0.8999,approved
4783,27/08/2021,GTM,Male,Malay,26,TRG,MNC,MERU,Y-NVXABS,14420,2400,24,3000,2800,286,601,12020,0.3168,1913,5,0.8336,stockout
4785,27/08/2021,GTM,Female,Malay,19,SGR,MNC,SENTOSA,Y-115Z(UE15),7630,770,24,1180,1094,0,343,6860,0.3135,751,0,0.8991,approved
4786,27/08/2021,GTM,Female,Malay,22,TRG,SRC,SS,Y-Y15ZR,11710,1690,36,2923,2771,172,362,10020,0.1927,2237.17,8,0.8557,stockout
4787,30/08/2021,GTM,Male,Malay,20,SGR,F&B,SS,Y-Y15ZR,11710,3500,24,2450,1960,748,411,8210,0.5911,801.5,7,0.7011,stockout
4788,28/08/2021,GTM,Male,Malay,31,MLK,SRC,SS,Y-135LC AC,9290,930,24,3838.33,3584.68,959.45,418,8360,0.3843,2207.23,4,0.8999,rejected
4789,28/08/2021,GTM,Male,Malay,21,KTN,SRC,PUCHONG,Y-Y15ZR,11710,1690,48,1200,1009.25,0,293,10020,0.2896,717,5,0.8557,rejected
4790,28/08/2021,GTM,Male,Malay,46,KDH,SALE,SS,Y-115Z(UE15),7630,770,36,3900,3325,646,248,6860,0.2688,2431.28,9,0.8991,approved
4791,28/08/2021,GTM,Male,Malay,33,PRK,SRC,PUCHONG,Y-115Z(UE15),7630,770,48,2400,2200,0,201,6860,0,,3,0.8991,rejected
4792,28/08/2021,GTM,Male,Malay,28,SGR,SRC,PUCHONG,Y-135LC AC,9290,930,48,1450,1363,0,244,8360,0.1789,1119.17,0,0.8999,archived
4793,28/08/2021,GTM,Male,Indian,20,SGR,MNC,K.SELANGOR,Y-115Z(UE15),7630,1700,24,1906,1760,0,297,5930,0.1685,1463.5,0,0.7772,approved
4794,28/08/2021,GTM,Male,Malay,27,KUL,SRC,SS,Y-135LC AC,9290,1000,48,2025.97,1792.32,893,242,8290,0.6331,657.53,6,0.8924,rejected
4795,31/08/2021,GTM,Male,Malay,23,SGR,GIG,K.SELANGOR,Y-Y15ZR,11710,3020,36,3566.65,2853.32,0,314,8690,0.11,2539.51,0,0.7421,approved
4797,28/08/2021,GTM,Female,Malay,21,JHR,F&B,SENTOSA,Y-115Z(UE15),7630,770,36,1200,1011,0,248,6860,0.245,763.28,0,0.8991,cancelled
4798,28/08/2021,GTM,Male,Malay,18,SGR,SRC,PUCHONG,Y-Y15ZR,11710,1710,36,1650,1450,0,362,10000,0,,0,0.854,reverted
4799,30/08/2021,GTM,Male,Malay,25,PHG,SRC,SS,Y-115Z(UE15),7630,770,24,3334.8,3082.35,317,343,6860,0.2141,2422.35,6,0.8991,archived
4800,28/08/2021,GTM,Male,Indian,19,SGR,SRC,SENTOSA,Y-135LC AC,9290,930,48,1400,1264,0,244,8360,0.1929,1020.17,0,0.8999,approved
4801,28/08/2021,GTM,Female,Indian,41,PRK,MNC,SENTOSA,Y-115Z(UE15),7630,770,36,2342.46,1621.89,0,248,6860,0,,4,0.8991,rejected
4802,28/08/2021,GTM,Male,Malay,24,SGR,TRD,SENTUL,Y-Y15ZR,11710,1690,48,2000,1999.99,0,293,10020,0,,5,0.8557,rejected
4803,28/08/2021,GTM,Male,Malay,28,SGR,MNC,SENTOSA,Y-115Z(UE15),7630,770,48,2848,2513,1.25,201,6860,0.0801,2311.67,7,0.8991,approved
4808,29/08/2021,GTM,Female,Indian,41,SGR,SALE,SUBANG,Y-EGOSO,7320,730,48,1548.61,1125.72,0,193,6590,0,,3,0.9003,rejected
4810,29/08/2021,GTM,Male,Malay,18,SBH,MNC,SS,Y-Y15ZR,11710,1690,48,2000,1900,0,293,10020,0,,0,0.8557,rejected
4811,31/08/2021,GTM,Male,Malay,25,PHG,MNC,S.BULOH,Y-135LC AC,9290,950,48,3388.91,3072.16,763,244,8340,0.3275,2065.91,8,0.8977,approved
4812,29/08/2021,GTM,Male,Malay,23,SGR,MNC,SS,Y-Y15ZR,11710,1690,36,1730,1497,0,362,10020,0.2417,1135.17,0,0.8557,approved
4815,29/08/2021,GTM,Female,Indian,23,SGR,MNC,SS,Y-Y15ZR,11710,1690,48,1803,1592.35,0,293,10020,0.1835,1300.1,3,0.8557,rejected
4816,29/08/2021,GTM,Male,Malay,20,SBH,OTH,SS,Y-Y15ZR,11710,1690,48,1836,1270,0,293,10020,0,,3,0.8557,rejected
4818,29/08/2021,GTM,Male,Malay,20,NSN,BUID,SENTUL,Y-135LC AC,9290,1000,36,2000,1700,0,300,8290,0,,3,0.8924,rejected
4820,31/08/2021,GTM,Female,Malay,43,SGR,HLTH,SENTUL,H-WAVES125I,8050,810,48,2203.71,1972.66,0,212,7240,0,,6,0.8994,rejected
4821,29/08/2021,GTM,Male,Indian,23,KDH,ECOM,SENTUL,Y-Y15ZR,11710,2000,36,6000,5349.16,0,351,9710,0,,2,0.8292,rejected
4822,29/08/2021,GTM,Male,Malay,32,SGR,OTH,SS,Y-Y15ZR,11710,1690,48,1975,1177,0,293,10020,0,,4,0.8557,rejected
4823,29/08/2021,GTM,Male,Malay,23,KTN,MNC,SUBANG,Y-Y15ZR,11710,1710,48,1918,1300.94,0,292,10000,0.2242,1009.27,5,0.854,rejected
4824,29/08/2021,GTM,Female,Malay,22,SBH,SRC,SS,Y-135LC AC,9290,930,24,1856.96,1679.01,0,418,8360,0.249,1261.01,0,0.8999,rejected
4825,29/08/2021,GTM,Male,Malay,20,SBH,OTH,SS,Y-Y15ZR,11710,1690,48,1500,1499,0,293,10020,0,,0,0.8557,rejected
4826,29/08/2021,GTM,Male,Malay,20,SBH,TRD,S.BULOH,H-RS150R TRICO,11090,1130,48,1690,1511,0,291,9960,0.1923,1220.5,0,0.8981,archived
4827,29/08/2021,GTM,Male,Malay,21,SGR,SRC,K.SELANGOR,Y-115Z(UE15),7630,1900,48,2800,2240,0,168,5730,0.0746,2072.88,0,0.751,reverted
4828,29/08/2021,GTM,Male,Malay,18,SGR,OTH,SUBANG,Y-EGOAV,7650,770,48,1839,1709,0,201,6880,0,,5,0.8993,reverted
4829,29/08/2021,GTM,Male,Malay,22,SGR,SRC,S.BULOH,H-VARIO150,9770,1000,48,1450,1250,0,256,8770,0.2046,994.21,6,0.8976,approved
4830,30/08/2021,GTM,Male,Malay,27,SGR,SRC,SA,Y-135LC AC,9290,3000,24,2250,2076,0,315,6290,0.1515,1761.5,0,0.6771,approved
4831,29/08/2021,GTM,Female,Malay,36,KUL,BKFN,SA,H-BEAT(ACH110),7520,750,48,5945,2708,863,198,6770,0.3916,1647.54,7,0.9003,approved
4832,29/08/2021,GTM,Male,Malay,53,PLS,MNC,SA,H-RS150R TRICO,11090,1110,48,2316,1787,0,292,9980,0,,4,0.8999,rejected
4833,29/08/2021,GTM,Female,Malay,46,PRK,BKFN,S.BULOH,Y-Y15ZR,11710,1710,48,5343,2742,0,292,10000,0,,4,0.854,rejected
4834,29/08/2021,GTM,Male,Malay,39,PRK,SRC,PUCHONG,H-RS150R TRICO,11090,1110,48,1950,1800,0,292,9980,0,,7,0.8999,reverted
4835,29/08/2021,GTM,Male,Indian,25,SGR,SRC,K.SELANGOR,Y-135LC AC,9290,930,48,2000,1800,0,244,8360,0.1355,1556.17,6,0.8999,approved
4836,30/08/2021,GTM,Male,Malay,32,PHG,OTH,ONLINE SALES,Y-EGOSO,7320,730,48,4053,3645,714,193,6590,0.2486,2738.79,6,0.9003,approved
4837,30/08/2021,GTM,Male,Malay,36,SGR,SRC,RAWANG,H-DASHRREPSOL,8570,860,48,3283,2939,268,225,7710,0.1677,2446.13,7,0.8996,approved
4838,30/08/2021,GTM,Female,Malay,34,PHG,OTH,SS,Y-135LC AC,9290,930,48,1200,1059,0,244,8360,0,,4,0.8999,rejected
4839,30/08/2021,GTM,Male,Malay,43,SBH,SRC,K.LAMA,H-DASHR152,8370,840,36,1300,1152,0,272,7530,0,,7,0.8996,rejected
4841,30/08/2021,GTM,Male,Indian,33,PNG,IT,SENTUL,H-DASHR152,8370,840,48,3096.77,2796.42,0,220,7530,0,,1,0.8996,rejected
4843,30/08/2021,GTM,Female,Indian,20,KDH,SRC,RAWANG,H-WAVES125I,8050,810,48,1200,1040,0,212,7240,0.203,828.83,0,0.8994,stockout
4846,30/08/2021,GTM,Female,Indian,21,SGR,MNC,SA,Y-115Z(UE15),7630,770,36,1551,1405,0,248,6860,0.1763,1157.28,0,0.8991,approved
4851,30/08/2021,GTM,Female,Malay,43,PRK,SRC,T.PULAI,H-BEAT(ACH110),7520,750,36,3000,2700,923,245,6770,0.4324,1532.53,6,0.9003,approved
4852,30/08/2021,GTM,Male,Malay,20,KDH,MNC,S.UTAMA,Y-EGOSO,7320,730,36,1900,1750,0,238,6590,0.136,1512.03,0,0.9003,approved
4853,30/08/2021,GTM,Male,Malay,35,KDH,SRC,RAWANG,H-WAVEAL,6280,630,48,2401.07,2194.32,170.15,165,5650,0.1526,1859.38,7,0.8997,rejected
4854,31/08/2021,GTM,Male,Malay,22,SGR,SRC,RAWANG,Y-115Z(UE15),7630,770,48,1100,1000,0,201,6860,0,,3,0.8991,rejected
4855,30/08/2021,GTM,Female,Malay,34,SGR,MNC,R.PANJANG,H-WAVES125I,8050,1310,36,3103,2266.95,0,244,6740,0,,3,0.8373,rejected
4856,30/08/2021,GTM,Male,Malay,31,PNG,OTH,ONLINE SALES,Y-NVXABS,14420,2400,48,10381.93,8305.54,7104.65,351,12020,0.8976,850.31,7,0.8336,approved
4858,30/08/2021,GTM,Male,Malay,31,PRK,MNC,R.PANJANG,H-WAVER125I,8620,860,36,1300,1200,0,281,7760,0,,4,0.9002,rejected
4859,30/08/2021,GTM,Female,Malay,24,PNG,MNC,R.PANJANG,H-WAVES125I,8050,810,48,1729.69,1600.44,0,212,7240,0,,5,0.8994,rejected
4860,30/08/2021,GTM,Male,Malay,39,PRK,SRC,ONLINE SALES,Y-135LC AC,9290,930,48,5167.45,4630.9,1737,244,8360,0.4277,2650.07,5,0.8999,rejected
4861,30/08/2021,GTM,Female,Malay,30,KTN,MNC,T.PULAI,H-VARIO150R,9970,1000,48,1750,1400,0,262,8970,0.1869,1138.38,5,0.8997,stockout
4862,30/08/2021,GTM,Female,Malay,23,KDH,SRC,ONLINE SALES,Y-Y15ZR,11710,1690,48,1814,961.26,0,293,10020,0.304,669.01,0,0.8557,approved
4863,30/08/2021,GTM,Male,Malay,24,KTN,OTH,ONLINE SALES,Y-Y15ZR,11710,1690,48,2020,1582,0,293,10020,0.1847,1289.75,5,0.8557,approved
4864,30/08/2021,GTM,Male,Indian,23,KUL,SRC,RAWANG,Y-135LC AC-WA,9890,990,48,1120,1010,0,260,8900,0.257,750.42,0,0.8999,cancelled
4866,30/08/2021,GTM,Male,Malay,21,PLS,IT,SS,Y-Y15ZR,11710,1690,48,1624,1464,0,293,10020,0.1996,1171.75,0,0.8557,stockout
4867,30/08/2021,GTM,Female,Malay,32,SGR,MNC,SENTOSA,H-WAVER125IM,8620,2660,48,6263,5026,1775,174,5960,0.3878,3077.17,7,0.6914,approved
4868,30/08/2021,GTM,Female,Malay,19,KUL,SRC,ONLINE SALES,Y-135LC AC,9290,930,48,1200,1083,0,244,8360,0.2251,839.17,0,0.8999,approved
4869,30/08/2021,GTM,Male,Malay,52,SWK,SRC,SRI KBGAN,H-WAVEAL,6280,630,36,12256.61,8226.8,0,205,5650,0,,4,0.8997,rejected
4870,30/08/2021,GTM,Female,Malay,22,KTN,SRC,SA,Y-EGOSO,7320,730,36,1200,1057,0,238,6590,0.2251,819.03,0,0.9003,rejected
4872,30/08/2021,GTM,Female,Malay,23,SGR,MNC,KAPAR,Y-115Z(UE15),7630,770,36,1600,1448.15,0,248,6860,0,,5,0.8991,reverted
4873,30/08/2021,GTM,Male,Malay,31,KDH,MNC,R.PANJANG,H-WAVER125IM,8620,1200,36,1300,1040,0,268,7420,0.2576,772.06,0,0.8608,rejected
4874,30/08/2021,GTM,Female,Malay,30,NSN,OTH,SS,Y-135LC SE,9740,1160,48,1751,1270,651,251,8580,0.7096,368.75,8,0.8809,archived
4875,30/08/2021,GTM,Female,Indian,19,SGR,MNC,SENTOSA,Y-135LC AC,9290,960,24,1300,1174,0,417,8330,0.3548,757.5,0,0.8967,archived
4876,30/08/2021,GTM,Male,Malay,21,KDH,OTH,S.UTAMA,Y-EGOSO,7320,730,48,1562,1428,0,193,6590,0.1346,1235.79,0,0.9003,approved
4877,30/08/2021,GTM,Male,Malay,20,KTN,OTH,ONLINE SALES,Y-135LC AC,9290,950,48,1200,1053,0,244,8340,0.231,809.75,0,0.8977,rejected
4878,30/08/2021,GTM,Male,Malay,23,SGR,MNC,KAPAR,Y-115Z(UE15),7630,770,36,1941,1694,0,248,6860,0.1462,1446.28,0,0.8991,rejected
4879,30/08/2021,GTM,Female,Malay,19,SGR,MNC,KAPAR,Y-EGOAV,7650,770,36,1703,1317,0,249,6880,0.1886,1068.56,5,0.8993,cancelled
4880,30/08/2021,GTM,Male,Malay,20,PHG,SRC,RAWANG,Y-Y15ZR,11710,1690,48,2000,1800,0,293,10020,0,,5,0.8557,cancelled
4882,30/08/2021,GTM,Female,Malay,20,SGR,SALE,S.UTAMA,Y-115Z(UE15),7630,770,48,1503,1141,0,201,6860,0.1754,940.92,5,0.8991,approved
4883,30/08/2021,GTM,Male,Malay,40,KTN,MNC,PUCHONG,Y-Y16ZR,13620,5000,36,5180,4745,2111,312,8620,0.5105,2322.72,7,0.6329,stockout
4885,30/08/2021,GTM,Male,Indian,23,KUL,SRC,RAWANG,Y-135LC AC,9690,970,48,1120,1010,0,255,8720,0.2518,755.67,0,0.8999,archived
4886,30/08/2021,GTM,Female,Malay,20,PRK,SRC,RAWANG,Y-Y15ZR,11710,1690,48,1600,1500,0,293,10020,0,,0,0.8557,rejected
4887,30/08/2021,GTM,Male,Malay,33,JHR,SRC,SS,Y-Y15ZR,11710,1690,48,3495,2000,1085,293,10020,0.6886,622.75,5,0.8557,archived
4890,31/08/2021,GTM,Male,Malay,23,PRK,SRC,MERU,Y-Y15ZR,11710,1710,36,2500,1900,0,362,10000,0.1901,1538.89,0,0.854,approved
4891,31/08/2021,GTM,Male,Malay,47,SGR,SRC,MERU,H-WAVER125IM,8620,860,48,1857,1857,0,227,7760,0.1219,1630.67,4,0.9002,rejected
4893,31/08/2021,GTM,Female,Indian,40,SGR,EDU,KAPAR,Y-Y15ZR,11710,1690,36,1515,961,354,362,10020,0.7449,245.17,9,0.8557,stockout
4894,31/08/2021,GTM,Female,Malay,28,SGR,HR,K.SELANGOR,H-BEAT(ACH110),7520,750,36,2000,1800,296,245,6770,0.3003,1259.53,8,0.9003,stockout
4895,31/08/2021,GTM,Male,Malay,48,SGR,MNC,MERU,H-RS150R TRICO,11090,3500,36,7403,6662,911,275,7590,0.1779,5476.92,9,0.6844,stockout
4896,31/08/2021,GTM,Male,Malay,32,KTN,MNC,T.PULAI,Y-EGOSO,7320,730,48,1900,1633,87,193,6590,0.171,1353.79,7,0.9003,reverted
4897,31/08/2021,GTM,Male,Malay,20,SGR,SRC,MERU,Y-Y15ZR,11710,1690,36,4441.2,3987.1,0,362,10020,0,,0,0.8557,rejected
4898,31/08/2021,GTM,Female,Malay,19,TRG,O&G,PUCHONG,Y-135LC AC,9290,1860,36,1231,1127,0,269,7430,0.2381,858.69,0,0.7998,approved
4900,31/08/2021,GTM,Male,Malay,31,KTN,SALE,R.PANJANG,H-RS150R TRICO,11090,1110,48,1972,1408,0,292,9980,0.2067,1116.92,0,0.8999,approved
4901,31/08/2021,GTM,Male,Malay,60,KDH,SRC,S.BULOH,H-BEAT(ACH110),7520,770,48,2222,1503,0,197,6750,0,,4,0.8976,rejected
4902,31/08/2021,GTM,Male,Malay,30,JHR,OTH,SS,Y-Y15ZR,11710,1690,48,2700,2442,0,293,10020,0,,4,0.8557,rejected
4903,31/08/2021,GTM,Male,Indian,21,SGR,SRC,RAWANG,Y-135LC AC,9290,930,48,2638.14,2401.59,0,244,8360,0,,4,0.8999,rejected
4905,31/08/2021,GTM,Male,Malay,22,KTN,MNC,S.BULOH,Y-Y15ZR,11710,1710,48,1050,946,0,292,10000,0.3083,654.33,5,0.854,approved
4908,31/08/2021,GTM,Male,Malay,25,PRK,SRC,SUBANG,Y-135LC AC,9290,3330,36,2500,2207,170,216,5960,0.1745,1821.78,0,0.6416,approved
4909,31/08/2021,GTM,Male,Malay,19,SGR,SRC,SUBANG,H-VARIO150,9770,1000,48,1500,1383,0,256,8770,0.185,1127.21,0,0.8976,rejected
4910,31/08/2021,GTM,Female,Malay,42,KUL,HLTH,S.BULOH,H-RS150R TRICO,11090,1130,48,2338,1939,1207,291,9960,0.7723,441.5,7,0.8981,rejected
4911,31/08/2021,GTM,Male,Malay,33,SWK,SRC,SUBANG,H-DASHR152,8370,860,36,2200,1891,0,272,7510,0.1434,1619.81,0,0.8973,rejected
4912,31/08/2021,GTM,Male,Malay,24,SGR,SRC,SUBANG,Y-115Z(UE15),7630,790,36,3984,3675,1080,247,6840,0.3611,2348,6,0.8965,approved
4913,31/08/2021,GTM,Male,Malay,26,KTN,SRC,SUBANG,Y-135LC AC,9290,1830,36,1800,1625,554,270,7460,0.5067,801.61,8,0.803,approved
4914,31/08/2021,GTM,Male,Malay,23,SGR,SRC,K.SELANGOR,Y-115Z(UE15),7630,1970,36,3715,3404,721,205,5660,0.2719,2478.61,8,0.7418,stockout
4916,31/08/2021,GTM,Female,Malay,42,SGR,F&B,RAWANG,Y-R15,15070,1510,48,5000,4800,0,396,13560,0,,0,0.8998,rejected
